-- phpMyAdmin SQL Dump
-- version 4.1.6
-- http://www.phpmyadmin.net
--
-- Host: 127.0.0.1
-- Generation Time: Apr 19, 2018 at 01:42 AM
-- Server version: 5.6.16
-- PHP Version: 5.5.9

SET SQL_MODE = "NO_AUTO_VALUE_ON_ZERO";
SET time_zone = "+00:00";


/*!40101 SET @OLD_CHARACTER_SET_CLIENT=@@CHARACTER_SET_CLIENT */;
/*!40101 SET @OLD_CHARACTER_SET_RESULTS=@@CHARACTER_SET_RESULTS */;
/*!40101 SET @OLD_COLLATION_CONNECTION=@@COLLATION_CONNECTION */;
/*!40101 SET NAMES utf8 */;

--
-- Database: `zeta`
--

-- --------------------------------------------------------

--
-- Table structure for table `notes`
--

CREATE TABLE IF NOT EXISTS `notes` (
  `id` int(11) NOT NULL AUTO_INCREMENT,
  `question` text NOT NULL,
  `answer` text NOT NULL,
  `always` tinyint(1) NOT NULL,
  `show` tinyint(1) DEFAULT '0',
  `cerated` datetime NOT NULL,
  `modified` datetime NOT NULL,
  PRIMARY KEY (`id`)
) ENGINE=InnoDB  DEFAULT CHARSET=latin1 AUTO_INCREMENT=8 ;

--
-- Dumping data for table `notes`
--

INSERT INTO `notes` (`id`, `question`, `answer`, `always`, `show`, `cerated`, `modified`) VALUES
(6, 'What do you eat yesterday ?', 'tomato', 1, 0, '0000-00-00 00:00:00', '2018-04-18 23:42:21'),
(7, 'what do you eat', 'i eat banana', 0, 0, '0000-00-00 00:00:00', '2018-04-18 23:39:28');

-- --------------------------------------------------------

--
-- Table structure for table `problems`
--

CREATE TABLE IF NOT EXISTS `problems` (
  `id` int(11) NOT NULL AUTO_INCREMENT,
  `name` varchar(255) NOT NULL,
  `Description` text NOT NULL,
  `input_file` varchar(255) NOT NULL,
  `output_file` varchar(255) NOT NULL,
  `rank` int(11) NOT NULL,
  PRIMARY KEY (`id`)
) ENGINE=InnoDB  DEFAULT CHARSET=latin1 AUTO_INCREMENT=67 ;

--
-- Dumping data for table `problems`
--

INSERT INTO `problems` (`id`, `name`, `Description`, `input_file`, `output_file`, `rank`) VALUES
(59, 'Happy or Depressed !', 'Have you ever wanted to know if someone is depressed or not ? , for our luck , a group of Egyptain students had invented a new device that \r\ndetermine if someone is depressed or not. It works on a simple operations: The device gives the person n questions and he had to answer it, \r\nthen for each answer it gives a mark in integer form( positive mark or negative one), if there is consecutive numbers (or a number) whom \r\nsummation is 0 , then he is happy ,  otherwise he is depressed.\r\n\r\nHelp this group with your programming skills.\r\n\r\nInput:\r\n----------\r\nTwo lines : First line contains an integer number n which reprsents the no.of marks.( 1 <= n <= 1000).\r\n	  Second line contains the marks ( -1000 <= m <= 1000).\r\n\r\nOutput:\r\n-----------\r\nPrint out "Depressed" or "Happy" without quotes.\r\n\r\nExample 1:\r\nInput:\r\n5\r\n4 2 -3 1 6\r\n\r\nOutput:\r\nHappy\r\n============================\r\nExample 2:\r\nInput: \r\n5\r\n-3 2 3 1 6\r\n\r\nOutput: \r\nDepressed', 'Happy.in', 'Happy.out', 1000),
(60, 'Prime String', 'Prime number is the number who is divisible only by one and itself, But what about prime string??\r\nString is said to be prime if the sum of ASCII value of all characters is a Prime Number.\r\n\r\nMake a program that takes a string and determine whether it is prime or not.\r\n\r\nInput: One line contains the string.\r\n\r\nOutput: Print out "Yes" without quotes if it is prime or "No" without quotes if it isn''t. \r\n\r\nExample:\r\nInput: \r\n--------\r\nkegeRma\r\n\r\nOutput:\r\n--------\r\nNo\r\n', 'Prime.in', 'Prime.out', 145200),
(61, 'Good Charity', 'Any Charity is said to be good if it determines how much money it will give the poor people.\r\nOur charity has some constraints on which it determines the money. It checks out how much money it got in n months and count how many \r\npairs of money have the sum divisible by 4.\r\n\r\nInput: Two lines : \r\nFirst line contains the number of months ( 1 <=  n <= 100 )\r\nSecond line contains the amount of money.\r\n\r\nOutput: Print out number of pairs of money have the sum divisible by 4.\r\n\r\nExample:\r\nInput:\r\n---------\r\n5\r\n2 2 1 7 5\r\n\r\nOutput:\r\n---------\r\n3\r\n\r\nNote:\r\n\r\nIn the example : Only three pairs are possible whose sum is divisible by ''4'' i.e., (2, 2), \r\n(1, 7) and (7, 5).', 'Good.in', 'Good.out', 700),
(63, 'Android App', 'Amr is a junior android developer. He has a graduation project and needs your help.\r\nThe project idea is to find the summation of all divisors of an integer number n , Help Amr finish his project.\r\n\r\nInput:\r\nOne line contains integer number n ( 2 <= n <= 10 ^ 4 ).\r\n\r\nOutput:\r\nPrint out the summation of all divisors for n.\r\n\r\nExample:\r\nInput:\r\n30\r\nOutput : \r\n72\r\n\r\n\r\nNote : \r\nIn the example : Dividers sum 1 + 2 + 3 + 5 + 6 + 10 + 15 + 30 = 72 \r\n', 'App.in', 'App.out', 600),
(64, 'String Game', 'Ahmed is the king of strings. He has the longest sequence of winning in\r\nstring games. It is time for you to stop this sequence.\r\nThe challenge is simple , given a string s and two other strings begin and\r\nend, find the number of different substrings in the string which begin \r\nand end with the given begin and end strings.\r\n\r\nInput: Three lines : First line has the original string , \r\nthe second line has the begin string and the sthird line has the end one.\r\n\r\nOutput: One line contain the number of substrings.\r\nExample:\r\nInput\r\n---------\r\ncodecppforfood\r\nc\r\nd\r\n\r\nOutput\r\n----------\r\n3', 'Game.in', 'Game.out', 700),
(65, 'Hurry Harry !', 'Harry is running away from the police as he had stole n diamonds each diamond has w weight.\r\nHowever Harry isn''t good at running , so he dropped down the smallest diamonds on his way .\r\nFind the summation of the weight remaining diamonds with him.\r\n\r\nInput:Three lines\r\nFirst line contains n integer number represents the diamonds he stole. ( 1 <= n <= 100).\r\nSecond line contains the weight of each diamond.\r\nThird line contains the number of diamonds he dropped.\r\n\r\nOutput:\r\nPrint out how the summation of the weight remaining diamonds with him.', 'Harry.in', 'Harry.out', 500),
(66, 'Minimum in different way 2', 'If you have an array say 5 elements , {8 , 1 , 6 , 5 , 9} , the minimum element here is 1 and its position 2. \r\nToday you have the same task but in an advanced way : \r\n\r\nYou have array of n integer positive numbers, we need to find m smallest elements from the array but they must be in the \r\nsame order as they are in given array.\r\n\r\nMake that program.\r\n\r\nInput: \r\nThree lines: First line contains integer number represents the number of elements in array. (1 <= n <= 1000)\r\n	   Second line contains the elements in the array.\r\n	   Third line contains the number of smallest elements to be found ( 1 <= m < n ).\r\n\r\nOutput : Print out the m smallest elements from the array but they must be in the same order as they are in given array.\r\n\r\nExample:\r\nInput:\r\n---------\r\n5\r\n4 2 6 1 5\r\n3\r\n\r\nOutput:\r\n---------\r\n4\r\n2\r\n1\r\n\r\nNotes:\r\nIn the example : 1, 2 and 4 are 3 smallest numbers and 4 2 1 is their order in given array.\r\n', 'Min.in', 'Min.out', 650);

-- --------------------------------------------------------

--
-- Table structure for table `settings`
--

CREATE TABLE IF NOT EXISTS `settings` (
  `id` int(11) NOT NULL AUTO_INCREMENT,
  `key` varchar(255) NOT NULL,
  `value` text NOT NULL,
  PRIMARY KEY (`id`)
) ENGINE=InnoDB  DEFAULT CHARSET=latin1 AUTO_INCREMENT=2 ;

--
-- Dumping data for table `settings`
--

INSERT INTO `settings` (`id`, `key`, `value`) VALUES
(1, 'start_time', '13:25:00');

-- --------------------------------------------------------

--
-- Table structure for table `submittions`
--

CREATE TABLE IF NOT EXISTS `submittions` (
  `id` int(11) NOT NULL AUTO_INCREMENT,
  `user_id` int(11) NOT NULL,
  `problem_id` int(11) NOT NULL,
  `time` timestamp NOT NULL DEFAULT CURRENT_TIMESTAMP,
  `response` varchar(255) NOT NULL,
  `solution` text NOT NULL,
  `submittion_rank` int(11) NOT NULL,
  `compiler` varchar(255) NOT NULL,
  `created` datetime NOT NULL,
  `modified` datetime NOT NULL,
  PRIMARY KEY (`id`)
) ENGINE=InnoDB  DEFAULT CHARSET=latin1 AUTO_INCREMENT=128 ;

--
-- Dumping data for table `submittions`
--

INSERT INTO `submittions` (`id`, `user_id`, `problem_id`, `time`, `response`, `solution`, `submittion_rank`, `compiler`, `created`, `modified`) VALUES
(1, 94, 65, '2018-04-15 11:36:45', 'Wrong Answer', '#include <bits/stdc++.h>\n\nusing namespace std;\nvoid Allah_Fowk_kyd_Elmo3tden()\n{\n    ios::sync_with_stdio(0);\n    cin.tie(0);\n    cout.tie(0);\n}\nvoid file()\n{\n    freopen("Harry.in","a",stdin);\n    freopen("Harry.out","a",stdout);\n}\nint main()\n{\n   Allah_Fowk_kyd_Elmo3tden();\n    file();\n    int n;cin>>n;\n    vector<int>v(n),v1;\n    for(int i=0;i<n;i++)\n        cin>>v[i];\n    int k;cin>>k;\n    sort(v.begin(),v.end());\n    long long int sum=0;\n    for(int i=k;i<n;i++)\n        sum+=v[i];\n    cout<<sum<<endl;\n    return 0;\n}\n', 0, 'c/c++', '2018-04-15 11:36:45', '2018-04-17 21:03:27'),
(2, 94, 65, '2018-04-15 11:40:32', 'Wrong Answer', '#include <bits/stdc++.h>\r\n\r\nusing namespace std;\r\nvoid Allah_Fowk_kyd_Elmo3tden()\r\n{\r\n    ios::sync_with_stdio(0);\r\n    cin.tie(0);\r\n    cout.tie(0);\r\n}\r\nvoid file()\r\n{\r\n    freopen("Harry.in","a",stdin);\r\n    freopen("Harry.out","a",stdout);\r\n}\r\nint main()\r\n{\r\n   Allah_Fowk_kyd_Elmo3tden();\r\n    file();\r\n    int n;cin>>n;\r\n    vector<int>v(n),v1;\r\n    for(int i=0;i<n;i++)\r\n        cin>>v[i];\r\n    int k;cin>>k;\r\n    sort(v.begin(),v.end());\r\n    long long int sum=0;\r\n    for(int i=k;i<n;i++)\r\n        sum+=v[i];\r\n    cout<<sum;\r\n    return 0;\r\n}\r\n', 0, 'c/c++', '2018-04-15 11:40:32', '2018-04-17 21:03:44'),
(3, 86, 60, '2018-04-15 11:41:12', 'Wrong Answer', '#include<iostream>\r\n#include<algorithm>\r\n#include <math.h>\r\n#include<string>\r\nusing namespace std;\r\nvoid file()\r\n{\r\n	freopen("Prime.in","r",stdin);\r\n	freopen("Prime.out","r",stdout);\r\n\r\n}\r\nint main()\r\n{\r\n	file();\r\n	long long int c=0,sum=0;\r\n	string s;\r\n	cin>>s;\r\n	for(int i=0;i<s.size();i++)\r\n	{\r\n		sum+=s[i];\r\n	}\r\n	for(int g=2;g<pow(sum,0.5);g++)\r\n	{\r\n		if(sum%g==0)\r\n		{c++;\r\n		break;\r\n		}\r\n	}\r\n	if(c==0)\r\n		cout<<"Yes";\r\n	else\r\n		cout<<"No";\r\n\r\n\r\n\r\n\r\n\r\n\r\n	return 0;\r\n}\r\n', 0, 'c/c++', '2018-04-15 11:41:12', '2018-04-17 21:04:06'),
(4, 94, 65, '2018-04-15 11:44:00', 'Wrong Answer', '#include <iostream>\r\n#include<vector>\r\n#include<algorithm>\r\n#include<fstream>\r\nusing namespace std;\r\nvoid Allah_Fowk_kyd_Elmo3tden()\r\n{\r\n    ios::sync_with_stdio(0);\r\n    cin.tie(0);\r\n    cout.tie(0);\r\n}\r\nvoid file()\r\n{\r\n    freopen("Harry.in","a",stdin);\r\n    freopen("Harry.out","a",stdout);\r\n}\r\nint main()\r\n{\r\n   Allah_Fowk_kyd_Elmo3tden();\r\n    file();\r\n    int n;cin>>n;\r\n    vector<int>v(n),v1;\r\n    for(int i=0;i<n;i++)\r\n        cin>>v[i];\r\n    int k;cin>>k;\r\n    sort(v.begin(),v.end());\r\n    long long int sum=0;\r\n    for(int i=k;i<n;i++)\r\n        sum+=v[i];\r\n    cout<<sum;\r\n    return 0;\r\n}\r\n', 0, 'c/c++', '2018-04-15 11:44:00', '2018-04-17 21:04:20'),
(5, 96, 65, '2018-04-15 11:49:28', 'Wrong Answer', '#include <iostream>\r\n#include <cstring>\r\n#include <map>\r\n#include<conio.h>\r\n#include <deque>\r\n#include <queue>\r\n#include <stack>\r\n#include <sstream>\r\n#include <numeric>\r\n#include <iostream>\r\n#include <iomanip>\r\n#include <cstdio>\r\n#include <cmath>\r\n#include <fstream>\r\n#include <string>\r\n#include <cstdlib>\r\n#include <ctime>\r\n#include <functional>\r\n#include <algorithm>\r\n#include <vector>\r\n#include <set>\r\n#include <unordered_set>\r\n#include <complex>\r\n#include <list>\r\n#include <climits>\r\n#include <cctype>\r\n#include <bitset>\r\n#include<unordered_map>\r\nusing namespace std;\r\nbool subArrayExists(int arr[], int n)\r\n{\r\n    unordered_map<int,bool> sumMap;\r\n \r\n    // Traverse throught array and store prefix sums\r\n    int sum = 0;\r\n    for (int i = 0 ; i < n ; i++)\r\n    {\r\n        sum += arr[i];\r\n \r\n        // If prefix sum is 0 or it is already present\r\n        if (sum == 0 || sumMap[sum] == true)\r\n            return true;\r\n \r\n        sumMap[sum] = true;\r\n    }\r\n    return false;\r\n}\r\n \r\n// Driver code\r\nint main()\r\n{\r\n	ifstream input("Happy.in");\r\n	ofstream output;\r\n	output.open("Happy.out");\r\n	int n;\r\n	input>>n;\r\n	int * arr = new int[n];\r\n	for(int  i = 0; i < n ; i ++)\r\n		input>>arr[i];\r\n    if (subArrayExists(arr, n))\r\n        output << "Happy";\r\n    else\r\n        cout << "Depressed";\r\n	output.close();\r\n    return 0;\r\n}', 0, 'c/c++', '2018-04-15 11:49:28', '2018-04-17 21:05:39'),
(6, 88, 59, '2018-04-15 11:53:24', 'Wrong Answer', '#include <bits/stdc++.h>\r\n\r\nusing namespace std;\r\n\r\ntypedef long long ll;\r\ntypedef unsigned long long ull;\r\n\r\n#define all(v) v.begin(),v.end()\r\n\r\nbool isprime(ll n)\r\n{\r\n    if(n<2)\r\n        return false;\r\n    if(n==0)return true;\r\n    if(n%2==0)\r\n        return false;\r\n    for(ll i=3;i*i<=n;i+=2)\r\n    {\r\n        if(n%2==0)\r\n            return false;\r\n    }\r\n    return true;\r\n}\r\nll gcd(ll x,ll y)\r\n{\r\n    for(ll i=min(x,y);i>=1;i--)\r\n    {\r\n        if(x%i==0&&y%i==0)\r\n            return i;\r\n    }\r\n}\r\nvoid file()\r\n{\r\n    freopen("Happy.in","r",stdin);\r\n    freopen("Happy.out","r",stdout);\r\n}\r\nbool perm(vector<int> v,int n)\r\n{\r\n\r\n    for(int j=0;j<v.size()-n;j++)\r\n    {\r\n        int sum=0;\r\n        for(int i=j;i<n+j;i++)\r\n        {\r\n            sum+=v[i];\r\n            if(sum==0)\r\n                return true;\r\n        }\r\n    }\r\n\r\n    return false;\r\n}\r\nint main()\r\n{\r\n\r\n    file();\r\n    int n;\r\n    cin>>n;\r\n    vector<int> v(n);\r\n    bool happy=false;\r\n    for(int i=0;i<n;i++)\r\n    {\r\n        cin>>v[i];\r\n        if(v[i]==0)\r\n            happy=true;\r\n    }\r\n    if(happy)\r\n    {\r\n        cout<<"Happy";\r\n        return 0;\r\n    }\r\n    else\r\n    {\r\n        for(int i=2;i<=n;i++)\r\n            if(perm(v,i))\r\n        {\r\n            cout<<"Happy";\r\n            return 0;\r\n        }\r\n    }\r\n    cout<<"Depressed";\r\n    return 0;\r\n}\r\n', 0, 'c/c++', '2018-04-15 11:53:24', '2018-04-17 21:05:54'),
(7, 84, 65, '2018-04-15 11:54:00', 'Time Limit Exceed', '#include <iostream>\r\n#include<math.h>\r\n#include<string>\r\n#include<vector>\r\n#include<algorithm>\r\n#include<iomanip>\r\n#include<cstring>\r\n#include<string.h>\r\nusing namespace std;\r\nint main()\r\n{\r\nint n,x,arr[100000],sum=0;\r\ncin>>n;\r\nfor(int i=0;i<n;i++)\r\n{\r\n    cin>>arr[i];\r\n}\r\ncin>>x;\r\nsort(arr,arr+n);\r\nfor(int i=0;i<=x;i++)\r\n{\r\n    sum+=arr[i+x];\r\n}\r\ncout<<sum<<endl;\r\n    return 0;\r\n}\r\n', 0, 'c/c++', '2018-04-15 11:54:00', '2018-04-18 21:28:05'),
(8, 96, 65, '2018-04-15 11:54:05', 'Wrong Answer', '#include <iostream>\r\n#include <cstring>\r\n#include <map>\r\n#include<conio.h>\r\n#include <deque>\r\n#include <queue>\r\n#include <stack>\r\n#include <sstream>\r\n#include <numeric>\r\n#include <iostream>\r\n#include <iomanip>\r\n#include <cstdio>\r\n#include <cmath>\r\n#include <fstream>\r\n#include <string>\r\n#include <cstdlib>\r\n#include <ctime>\r\n#include <functional>\r\n#include <algorithm>\r\n#include <vector>\r\n#include <set>\r\n#include <unordered_set>\r\n#include <complex>\r\n#include <list>\r\n#include <climits>\r\n#include <cctype>\r\n#include <bitset>\r\n#include<unordered_map>\r\nusing namespace std;\r\nbool subArrayExists(int arr[], int n)\r\n{\r\n    unordered_map<int,bool> sumMap;\r\n \r\n    // Traverse throught array and store prefix sums\r\n    int sum = 0;\r\n    for (int i = 0 ; i < n ; i++)\r\n    {\r\n        sum += arr[i];\r\n \r\n        // If prefix sum is 0 or it is already present\r\n        if (sum == 0 || sumMap[sum] == true)\r\n            return true;\r\n \r\n        sumMap[sum] = true;\r\n    }\r\n    return false;\r\n}\r\n \r\n// Driver code\r\nint main()\r\n{\r\n	ifstream input("Happy.in");\r\n	ofstream output;\r\n	output.open("Happy.out");\r\n	int n;\r\n	input>>n;\r\n	int * arr = new int[n];\r\n	for(int  i = 0; i < n ; i ++)\r\n		input>>arr[i];\r\n    if (subArrayExists(arr, n))\r\n        output << "Happy";\r\n    else\r\n        output << "Depressed";\r\n	output.close();\r\n    return 0;\r\n}', 0, 'c/c++', '2018-04-15 11:54:05', '2018-04-17 21:06:04'),
(9, 86, 59, '2018-04-15 11:54:28', 'Wrong Answer', '#include<iostream>\r\n#include<algorithm>\r\n#include <math.h>\r\n#include<string>\r\nusing namespace std;\r\nvoid file()\r\n{\r\n	freopen("Happy.in","r",stdin);\r\n	freopen("Happy.out","r",stdout);\r\n\r\n}\r\nint main()\r\n{\r\n	file();\r\n	long long n,sum=0;\r\n	int c=0,arr[1000];\r\n	cin>>n;\r\n	for (int i=0;i<n;i++)\r\n	{cin>>arr[i];}\r\n	if (count(arr,arr+n,0)>=1)\r\n		cout<<"Happy";\r\n	else\r\n	{\r\n\r\n		for(int i=0;i<n;i++)\r\n		{\r\n			for(int j=i;j<n;j++)\r\n\r\n			{sum+=arr[j];\r\n			if (sum==0)\r\n			{c++;\r\n			break;\r\n			}}\r\n			sum=0;\r\n			if (c==1)\r\n			{break;}\r\n		}\r\n		if (c==1)\r\n			cout<<"Happy";\r\n		else cout<<"Depressed";\r\n	}\r\n\r\n\r\n	return 0;\r\n}', 0, 'c/c++', '2018-04-15 11:54:28', '2018-04-17 21:06:12'),
(10, 98, 65, '2018-04-15 11:54:36', 'Time Limit Exceed', '#include<iostream>\nusing namespace std;\nint main()\n{int x,y,z,s,final;\ncin>>x>>y>>z;\ns=x-z;\nfinal=s*y;\ncout<<final;\nreturn 0;}', 0, 'c/c++', '2018-04-15 11:54:36', '2018-04-18 21:27:55'),
(11, 88, 59, '2018-04-15 11:54:37', 'Time Limit Exceed', '#include<stdio.h>\r\n#include<string.h>\r\nint main()\r\n{\r\n    int n;\r\n    scanf("%d",&n);\r\n    int x[n];\r\n\r\n    for(int i=0;i<n;i++){\r\n        scanf("%d",&x[i]);\r\n    }\r\n\r\n\r\n    for (int i=0;i<n;i++){\r\n        int k=0;\r\n        for(int j=i;j<n;j++){\r\n            k=k+x[j];\r\n            if(k==0){\r\n                printf("Happy");\r\n                return 0;\r\n            }\r\n\r\n\r\n\r\n        }\r\n    }\r\n\r\n    printf("Depressed");\r\n    return 0;\r\n}\r\n', 0, 'c/c++', '2018-04-15 11:54:37', '2018-04-18 21:28:49'),
(12, 94, 60, '2018-04-15 11:54:55', 'Wrong Answer', '#include <iostream>\r\n#include<vector>\r\n#include<algorithm>\r\n#include<fstream>\r\nusing namespace std;\r\nvoid Allah_Fowk_kyd_Elmo3tden()\r\n{\r\n    ios::sync_with_stdio(0);\r\n    cin.tie(0);\r\n    cout.tie(0);\r\n}\r\nbool isprime(int n)\r\n{\r\n    if(n==2)\r\n        return true;\r\n    if(n<2||n%2==0)\r\n        return false;\r\n    for(int i=3;i*i<=n;i+2)\r\n    {\r\n        if(n%i==0)\r\n            return false;\r\n    }\r\n    return true;\r\n}\r\nvoid file()\r\n{\r\n    freopen("Prime.in","a",stdin);\r\n    freopen("Prime.out","b",stdout);\r\n}\r\nint main()\r\n{\r\n   Allah_Fowk_kyd_Elmo3tden();\r\n    file();\r\n    string s;cin>>s;\r\n    long long int sum=0;\r\n    for(int i=0;i<s.size();i++)\r\n        sum+=s[i];\r\n    if(isprime(sum))\r\n        cout<<"Yes";\r\n    else\r\n        cout<<"No";\r\n\r\n   /* int n;cin>>n;\r\n    vector<int>v(n),v1;\r\n    for(int i=0;i<n;i++)\r\n        cin>>v[i];\r\n    int k;cin>>k;\r\n    sort(v.begin(),v.end());\r\n    long long int sum=0;\r\n    for(int i=k;i<n;i++)\r\n        sum+=v[i];\r\n    cout<<sum;*/\r\n    return 0;\r\n}\r\n', 0, 'c/c++', '2018-04-15 11:54:55', '2018-04-17 21:06:21'),
(13, 96, 59, '2018-04-15 12:06:24', 'Accepted', '#include <iostream>\r\n#include <cstring>\r\n#include <map>\r\n#include<conio.h>\r\n#include <deque>\r\n#include <queue>\r\n#include <stack>\r\n#include <sstream>\r\n#include <numeric>\r\n#include <iostream>\r\n#include <iomanip>\r\n#include <cstdio>\r\n#include <cmath>\r\n#include <fstream>\r\n#include <string>\r\n#include <cstdlib>\r\n#include <ctime>\r\n#include <functional>\r\n#include <algorithm>\r\n#include <vector>\r\n#include <set>\r\n#include <unordered_set>\r\n#include <complex>\r\n#include <list>\r\n#include <climits>\r\n#include <cctype>\r\n#include <bitset>\r\n#include<unordered_map>\r\nusing namespace std;\r\nbool subArrayExists(int arr[], int n)\r\n{\r\nunordered_map<int,bool> sumMap;\r\n\r\n// Traverse throught array and store prefix sums\r\nint sum = 0;\r\nfor (int i = 0 ; i < n ; i++)\r\n{\r\nsum += arr[i];\r\n\r\n// If prefix sum is 0 or it is already present\r\nif (sum == 0 || sumMap[sum] == true)\r\nreturn true;\r\n\r\nsumMap[sum] = true;\r\n}\r\nreturn false;\r\n}\r\n\r\n// Driver code\r\nint main()\r\n{\r\nifstream input("Happy.in");\r\nofstream output;\r\noutput.open("Happy.out");\r\nint n;\r\ninput>>n;\r\nint * arr = new int[n];\r\nfor(int i = 0; i < n ; i ++)\r\ninput>>arr[i];\r\nif (subArrayExists(arr, n))\r\noutput << "Happy";\r\nelse\r\noutput << "Depressed";\r\noutput.close();\r\nreturn 0;\r\n}  ', 0, 'c/c++', '2018-04-15 12:06:24', '2018-04-17 21:06:31'),
(14, 98, 65, '2018-04-15 12:11:31', 'Time Limit Exceed', '#include<iostream>\r\nusing namespace std;\r\nint  main()\r\n{int x,y,z,s,final;\r\ncin>>x>>y>>z;\r\ns=x-z;\r\nfinal=s*y;\r\ncout<<final;\r\nreturn 0;}', 0, 'c/c++', '2018-04-15 12:11:31', '2018-04-18 21:29:16'),
(15, 88, 61, '2018-04-15 12:13:31', 'Wrong Answer', '#include <bits/stdc++.h>\r\n\r\nusing namespace std;\r\n\r\ntypedef long long ll;\r\ntypedef unsigned long long ull;\r\n\r\n#define all(v) v.begin(),v.end()\r\n\r\nbool isprime(ll n)\r\n{\r\n    if(n<2)\r\n        return false;\r\n    if(n==0)return true;\r\n    if(n%2==0)\r\n        return false;\r\n    for(ll i=3;i*i<=n;i+=2)\r\n    {\r\n        if(n%2==0)\r\n            return false;\r\n    }\r\n    return true;\r\n}\r\nll gcd(ll x,ll y)\r\n{\r\n    for(ll i=min(x,y);i>=1;i--)\r\n    {\r\n        if(x%i==0&&y%i==0)\r\n            return i;\r\n    }\r\n}\r\nvoid file()\r\n{\r\n    freopen("Good.in","r",stdin);\r\n    freopen("Good.out","r",stdout);\r\n}\r\nbool perm(vector<int> v,int n)\r\n{\r\n\r\n    for(int j=0;j<v.size()-n;j++)\r\n    {\r\n        int sum=0;\r\n        for(int i=j;i<n+j;i++)\r\n        {\r\n            sum+=v[i];\r\n            if(sum==0)\r\n                return true;\r\n        }\r\n    }\r\n\r\n    return false;\r\n}\r\n/*\r\nint main()\r\n{\r\n\r\n    file();\r\n    int n;\r\n    cin>>n;\r\n    vector<int> v(n);\r\n    bool happy=false;\r\n    for(int i=0;i<n;i++)\r\n    {\r\n        cin>>v[i];\r\n        if(v[i]==0)\r\n            happy=true;\r\n    }\r\n    if(happy)\r\n    {\r\n        cout<<"Happy";\r\n        return 0;\r\n    }\r\n    else\r\n    {\r\n        for(int i=2;i<=n;i++)\r\n            if(perm(v,i))\r\n        {\r\n            cout<<"Happy";\r\n            return 0;\r\n        }\r\n    }\r\n    cout<<"Depressed";\r\n    return 0;\r\n}\r\n*/\r\n//prime string\r\n/*\r\nint main()\r\n{\r\n    string s;\r\n    cin>>s;\r\n    int sum=0;\r\n    for(int i=0;i<s.length();i++)\r\n    {\r\n        sum+=s[i];\r\n    }\r\n    if(isprime(sum))\r\n        cout<<"Yes"<<endl;\r\n    else\r\n        cout<<"No"<<endl;\r\n}\r\n*/\r\nint main()\r\n{\r\n    file();\r\n    int n;\r\n    cin>>n;\r\n    vector<int> v(n);\r\n    for(int i=0;i<n;i++)\r\n        cin>>v[i];\r\n    int c=0;\r\n    for(int i=0;i<n;i++)\r\n    {\r\n        for(int j=i+1;j<n;j++)\r\n        {\r\n            int sum=v[i]+v[j];\r\n            if(sum%4==0)\r\n                c++;\r\n        }\r\n    }\r\n    cout<<c<<endl;\r\n}\r\n', 0, 'c/c++', '2018-04-15 12:13:31', '2018-04-17 21:06:42'),
(16, 98, 59, '2018-04-15 12:14:59', 'Time Limit Exceed', '#include<iostream>\r\nusing namespace std;\r\nint  main()\r\n{int x,sum=0,w;\r\ncin>>x;\r\nw=2*x; \r\nint arr[10000];\r\nfor(int i=0;i<x;i++)   \r\n{cin>>arr[i];\r\nsum=sum+arr[i];\r\n\r\n}if(sum>=w)\r\n{cout<<"Happy";}                                          \r\nelse \r\n	{cout<<"Depressed";\r\n}\r\nreturn o ;}', 0, 'c/c++', '2018-04-15 12:14:59', '2018-04-18 21:29:25'),
(17, 88, 59, '2018-04-15 12:15:51', 'Time Limit Exceed', '#include<stdio.h>\r\n#include<string.h>\r\nint main()\r\n{\r\n    int n;\r\n    scanf("%d",&n);\r\n    int x[n];\r\n\r\n    for(int i=0;i<n;i++){\r\n        scanf("%d",&x[i]);\r\n    }\r\n\r\n\r\n    for (int i=0;i<n;i++){\r\n        int k=0;\r\n        for(int j=i;j<n;j++){\r\n            k=k+x[j];\r\n            if(k==0){\r\n                printf("Happy");\r\n                return 0;\r\n            }\r\n\r\n\r\n\r\n        }\r\n    }\r\n\r\n    printf("Depressed");\r\n    return 0;\r\n}\r\n', 0, 'c/c++', '2018-04-15 12:15:51', '2018-04-18 21:29:33'),
(18, 86, 65, '2018-04-15 12:16:09', 'Wrong Answer', '#include<iostream>\r\n#include<algorithm>\r\n#include <math.h>\r\n#include<string>\r\nusing namespace std;\r\nvoid file()\r\n{\r\n	freopen("Prime.in","r",stdin);\r\n	freopen("Prime.out","r",stdout);\r\n\r\n}\r\nint main()\r\n{\r\n	file();\r\n\r\n	int n,m,arr[100],sum=0;\r\n	 cin>>n;\r\n	 for(int i=0;i<n;i++)\r\n	 {\r\n		 cin>>arr[i];\r\n	 }\r\n	 cin>>m;\r\n	 sort(arr,arr+n);\r\n	 for(int i=m;i<n;i++)\r\n	 {sum+=arr[i];\r\n	 }\r\n	 cout<<sum;\r\n\r\n\r\n\r\n	return 0;\r\n}', 0, 'c/c++', '2018-04-15 12:16:09', '2018-04-17 21:06:52'),
(19, 86, 65, '2018-04-15 12:16:09', 'Wrong Answer', '#include<iostream>\r\n#include<algorithm>\r\n#include <math.h>\r\n#include<string>\r\nusing namespace std;\r\nvoid file()\r\n{\r\n	freopen("Prime.in","r",stdin);\r\n	freopen("Prime.out","r",stdout);\r\n\r\n}\r\nint main()\r\n{\r\n	file();\r\n\r\n	int n,m,arr[100],sum=0;\r\n	 cin>>n;\r\n	 for(int i=0;i<n;i++)\r\n	 {\r\n		 cin>>arr[i];\r\n	 }\r\n	 cin>>m;\r\n	 sort(arr,arr+n);\r\n	 for(int i=m;i<n;i++)\r\n	 {sum+=arr[i];\r\n	 }\r\n	 cout<<sum;\r\n\r\n\r\n\r\n	return 0;\r\n}', 0, 'c/c++', '2018-04-15 12:16:09', '2018-04-17 21:07:00'),
(20, 98, 59, '2018-04-15 12:16:13', 'Time Limit Exceed', '#include<iostream>\r\nusing namespace std;\r\nint main()\r\n{int x,sum=0,w;\r\ncin>>x;\r\nw=2*x; \r\nint arr[10000];\r\nfor(int i=0;i<x;i++)   \r\n{cin>>arr[i];\r\nsum=sum+arr[i];\r\n\r\n}if(sum>=w)\r\n{cout<<"Happy";}                                          \r\nelse \r\n	{cout<<"Depressed";\r\n}\r\nreturn 0;}', 0, 'c/c++', '2018-04-15 12:16:13', '2018-04-18 21:29:39'),
(21, 88, 60, '2018-04-15 12:16:24', 'Wrong Answer', '#include <bits/stdc++.h>\r\n\r\nusing namespace std;\r\n\r\ntypedef long long ll;\r\ntypedef unsigned long long ull;\r\n\r\n#define all(v) v.begin(),v.end()\r\n\r\nbool isprime(ll n)\r\n{\r\n    if(n<2)\r\n        return false;\r\n    if(n==0)return true;\r\n    if(n%2==0)\r\n        return false;\r\n    for(ll i=3;i*i<=n;i+=2)\r\n    {\r\n        if(n%2==0)\r\n            return false;\r\n    }\r\n    return true;\r\n}\r\nll gcd(ll x,ll y)\r\n{\r\n    for(ll i=min(x,y);i>=1;i--)\r\n    {\r\n        if(x%i==0&&y%i==0)\r\n            return i;\r\n    }\r\n}\r\nvoid file()\r\n{\r\n    freopen("Prime.in","r",stdin);\r\n    freopen("Prime.out","r",stdout);\r\n}\r\nbool perm(vector<int> v,int n)\r\n{\r\n\r\n    for(int j=0;j<v.size()-n;j++)\r\n    {\r\n        int sum=0;\r\n        for(int i=j;i<n+j;i++)\r\n        {\r\n            sum+=v[i];\r\n            if(sum==0)\r\n                return true;\r\n        }\r\n    }\r\n\r\n    return false;\r\n}\r\n/*\r\nint main()\r\n{\r\n\r\n    file();\r\n    int n;\r\n    cin>>n;\r\n    vector<int> v(n);\r\n    bool happy=false;\r\n    for(int i=0;i<n;i++)\r\n    {\r\n        cin>>v[i];\r\n        if(v[i]==0)\r\n            happy=true;\r\n    }\r\n    if(happy)\r\n    {\r\n        cout<<"Happy";\r\n        return 0;\r\n    }\r\n    else\r\n    {\r\n        for(int i=2;i<=n;i++)\r\n            if(perm(v,i))\r\n        {\r\n            cout<<"Happy";\r\n            return 0;\r\n        }\r\n    }\r\n    cout<<"Depressed";\r\n    return 0;\r\n}\r\n*/\r\n//prime string\r\n\r\nint main()\r\n{\r\n    file();\r\n    string s;\r\n    cin>>s;\r\n    int sum=0;\r\n    for(int i=0;i<s.length();i++)\r\n    {\r\n        sum+=s[i];\r\n    }\r\n    if(isprime(sum))\r\n        cout<<"Yes"<<endl;\r\n    else\r\n        cout<<"No"<<endl;\r\n}\r\n/*\r\nint main()\r\n{\r\n    file();\r\n    int n;\r\n    cin>>n;\r\n    vector<int> v(n);\r\n    for(int i=0;i<n;i++)\r\n        cin>>v[i];\r\n    int c=0;\r\n    for(int i=0;i<n;i++)\r\n    {\r\n        for(int j=i+1;j<n;j++)\r\n        {\r\n            int sum=v[i]+v[j];\r\n            if(sum%4==0)\r\n                c++;\r\n        }\r\n    }\r\n    cout<<c<<endl;\r\n}\r\n*/\r\n', 0, 'c/c++', '2018-04-15 12:16:24', '2018-04-17 21:07:13'),
(22, 88, 61, '2018-04-15 12:16:56', 'Time Limit Exceed', '#include<stdio.h>\r\n#include<string.h>\r\nint main()\r\n{\r\n    int n;\r\n    int l=0,k=0;\r\n    scanf("%d",&n);\r\n    int x[n];\r\n\r\n    for(int i=0;i<n;i++){\r\n        scanf("%d",&x[i]);\r\n    }\r\n\r\n\r\n    for (int i=0;i<n;i++){\r\n            for(int j=0;j<n;j++){\r\n                if(j!=i){\r\n                    k=x[i]+x[j];\r\n                    if((k%4)==0){\r\n                        l++;\r\n                    }\r\n                }\r\n            }\r\n    }\r\nprintf("%d",l/2);\r\n\r\n}\r\n', 0, 'c/c++', '2018-04-15 12:16:56', '2018-04-18 21:29:46'),
(23, 88, 61, '2018-04-15 12:22:57', 'Time Limit Exceed', '#include<stdio.h>\r\n#include<string.h>\r\nint main()\r\n{\r\n    int n;\r\n\r\n\r\n    int l=0,k=0;\r\n    scanf("%d",&n);\r\n      if(n>100||n<1){\r\nreturn 0;\r\n    }\r\n    int x[n];\r\n\r\n    for(int i=0;i<n;i++){\r\n        scanf("%d",&x[i]);\r\n    }\r\n\r\n\r\n    for (int i=0;i<n;i++){\r\n            for(int j=0;j<n;j++){\r\n                if(j!=i){\r\n                    k=x[i]+x[j];\r\n                    if((k%4)==0){\r\n                        l++;\r\n                    }\r\n                }\r\n            }\r\n    }\r\nprintf("%d",l/2);\r\n\r\n}\r\n', 0, 'c/c++', '2018-04-15 12:22:57', '2018-04-18 21:30:02'),
(24, 88, 60, '2018-04-15 12:25:13', 'Wrong Answer', '#include <bits/stdc++.h>\r\n\r\nusing namespace std;\r\n\r\ntypedef long long ll;\r\ntypedef unsigned long long ull;\r\n\r\n#define all(v) v.begin(),v.end()\r\n\r\n\r\n\r\nbool isprime(ll n)\r\n{\r\n    if(n<2)\r\n        return false;\r\n    if(n==0)return true;\r\n    if(n%2==0)\r\n        return false;\r\n    for(ll i=3;i*i<=n;i+=2)\r\n    {\r\n        if(n%2==0)\r\n            return false;\r\n    }\r\n    return true;\r\n}\r\nll gcd(ll x,ll y)\r\n{\r\n    for(ll i=min(x,y);i>=1;i--)\r\n    {\r\n        if(x%i==0&&y%i==0)\r\n            return i;\r\n    }\r\n}\r\n/*\r\nifstream in("");\r\nofstream out;\r\nout.open("");\r\n*/\r\nbool perm(vector<int> v,int n)\r\n{\r\n\r\n    for(int j=0;j<v.size()-n;j++)\r\n    {\r\n        int sum=0;\r\n        for(int i=j;i<n+j;i++)\r\n        {\r\n            sum+=v[i];\r\n            if(sum==0)\r\n                return true;\r\n        }\r\n    }\r\n\r\n    return false;\r\n}\r\n/*\r\nint main()\r\n{\r\n\r\n    file();\r\n    int n;\r\n    cin>>n;\r\n    vector<int> v(n);\r\n    bool happy=false;\r\n    for(int i=0;i<n;i++)\r\n    {\r\n        cin>>v[i];\r\n        if(v[i]==0)\r\n            happy=true;\r\n    }\r\n    if(happy)\r\n    {\r\n        cout<<"Happy";\r\n        return 0;\r\n    }\r\n    else\r\n    {\r\n        for(int i=2;i<=n;i++)\r\n            if(perm(v,i))\r\n        {\r\n            cout<<"Happy";\r\n            return 0;\r\n        }\r\n    }\r\n    cout<<"Depressed";\r\n    return 0;\r\n}\r\n*/\r\n//prime string\r\n\r\nint main()\r\n{\r\n    ifstream in("Prime.in");\r\n    ofstream out;\r\n    out.open("Prime.in");\r\n    string s;\r\n    in>>s;\r\n    int sum=0;\r\n    for(int i=0;i<s.length();i++)\r\n    {\r\n        sum+=s[i];\r\n    }\r\n    if(isprime(sum))\r\n        out<<"Yes"<<endl;\r\n    else\r\n        out<<"No"<<endl;\r\n}\r\n/*\r\nint main()\r\n{\r\n    file();\r\n    int n;\r\n    cin>>n;\r\n    vector<int> v(n);\r\n    for(int i=0;i<n;i++)\r\n        cin>>v[i];\r\n    int c=0;\r\n    for(int i=0;i<n;i++)\r\n    {\r\n        for(int j=i+1;j<n;j++)\r\n        {\r\n            int sum=v[i]+v[j];\r\n            if(sum%4==0)\r\n                c++;\r\n        }\r\n    }\r\n    cout<<c<<endl;\r\n}\r\n*/\r\n', 0, 'c/c++', '2018-04-15 12:25:13', '2018-04-18 21:35:00'),
(25, 94, 65, '2018-04-15 12:28:51', 'Accepted', '#include <iostream>\r\n#include<vector>\r\n#include<algorithm>\r\n#include<fstream>\r\nusing namespace std;\r\nvoid Allah_Fowk_kyd_Elmo3tden()\r\n{\r\n    ios::sync_with_stdio(0);\r\n    cin.tie(0);\r\n    cout.tie(0);\r\n}\r\nbool isprime(int n)\r\n{\r\n    if(n==2)\r\n        return true;\r\n    if(n<2||n%2==0)\r\n        return false;\r\n    for(int i=3;i*i<=n;i+2)\r\n    {\r\n        if(n%i==0)\r\n            return false;\r\n    }\r\n    return true;\r\n}\r\nvoid file()\r\n{\r\n    freopen("Prime.in","a",stdin);\r\n    freopen("Prime.out","b",stdout);\r\n}\r\nbool sum(vector<int> &arr,int size1)\r\n{\r\n    long long  s=0,l=0,r=0;\r\n    while(l<size1)\r\n    {\r\n        while(r<size1)\r\n        {\r\n            s+=arr[r];\r\n            if(s==0)\r\n                return true;\r\n            r++;\r\n        }\r\n        s=0;\r\n        l++;\r\n        r=l;\r\n    }\r\n    return false;\r\n}\r\nint main()\r\n{\r\n   Allah_Fowk_kyd_Elmo3tden();\r\n    //file();\r\n    //Good chairty\r\n    /*int n;cin>>n;\r\n    vector<int>v(n);\r\n    for(int i=0;i<n;i++)\r\n    {\r\n        cin>>v[i];\r\n    }\r\n    int c=0;\r\n    for(int i=0;i<n;i++)\r\n    {\r\n        for(int j=i+1;j<n;j++)\r\n        {\r\n            if((v[i]+v[j])%4==0)\r\n                c++;\r\n        }\r\n    }\r\n    cout<<c;\r\n    */\r\n    //first 1;\r\n\r\n    /*int n;\r\n    cin>>n;\r\n    vector<int>arr(n);\r\n    for(int i=0;i<n;i++)\r\n        cin>>arr[i];\r\n    bool t=sum(arr,n);\r\n    if(t==true)\r\n        cout<<"Happy";\r\n    else\r\n        cout<<"Depressed";*/\r\n    /*\r\n    string s;cin>>s;\r\n    long long int sum=0;\r\n    for(int i=0;i<s.size();i++)\r\n        sum+=s[i];\r\n    if(isprime(sum))\r\n        cout<<"Yes";\r\n    else\r\n        cout<<"No";*/\r\n// hurry!\r\n    ifstream input("Harry.in");\r\n    ofstream output;\r\n    output.open("Harry.out");\r\n\r\n    int n;input>>n;\r\n    vector<int>v(n),v1;\r\n    for(int i=0;i<n;i++)\r\n        input>>v[i];\r\n    int k;input>>k;\r\n    sort(v.begin(),v.end());\r\n    long long int sum=0;\r\n    for(int i=k;i<n;i++)\r\n        sum+=v[i];\r\n    output<<sum;\r\n\r\n    return 0;\r\n}\r\n', 0, 'c/c++', '2018-04-15 12:28:51', '2018-04-17 21:07:22'),
(26, 98, 59, '2018-04-15 12:28:56', 'Compiler Error', '\r\n#include<ifstream>\r\nusing namespace std;\r\nint main()\r\n{ifstream.input("Happy.in");\r\nofstream.output;\r\nout.open("Happy.out");\r\n\r\nint x,sum=0,w;\r\ninput>>x;\r\nw=2*x; \r\nint arr[10000];\r\nfor(int i=0;i<x;i++)   \r\n{input>>arr[i];\r\nsum=sum+arr[i];\r\n\r\n}if(sum>=w)\r\n{output<<"Happy";}                                          \r\nelse \r\n	{output<<"Depressed";\r\n}\r\noutput.close();}', 0, 'c/c++', '2018-04-15 12:28:56', '2018-04-17 21:07:28'),
(27, 88, 59, '2018-04-15 12:29:30', '--', '#include<stdio.h>\r\n#include<string.h>\r\nint main()\r\n{\r\n    int n;\r\n    scanf("%d",&n);\r\n    if(n>1000||n<1){\r\nreturn 0;\r\n    }\r\n    int x[n];\r\n\r\n    for(int i=0;i<n;i++){\r\n        scanf("%d",&x[i]);\r\n        if(x[i]>1000||x[i]<-1000){\r\nreturn 0;\r\n    }\r\n    }\r\n\r\n\r\n    for (int i=0;i<n;i++){\r\n        int k=0;\r\n        for(int j=i;j<n;j++){\r\n            k=k+x[j];\r\n            if(k==0){\r\n                printf("Happy");\r\n                return 0;\r\n            }\r\n\r\n\r\n\r\n        }\r\n    }\r\n\r\n    printf("Depressed");\r\n    return 0;\r\n}\r\n', 0, 'c/c++', '2018-04-15 12:29:30', '2018-04-15 13:15:00'),
(28, 84, 60, '2018-04-15 12:30:44', 'Wrong Answer', '#include<fstream>\r\n#include <iostream>\r\n#include<math.h>\r\n#include<string>\r\n#include<vector>\r\n#include<algorithm>\r\n#include<iomanip>\r\n#include<cstring>\r\n#include<string.h>\r\nusing namespace std;\r\nint main()\r\n{\r\nifstream input("prime.in");\r\nofstream output;\r\noutput.open("prime.out");\r\n\r\nint a=0;\r\nlong long sum=0;\r\nstring x;\r\ngetline(input,x);\r\nfor(int i=0;i<x.size();i++)\r\n{\r\n    sum+=  x[i];\r\n}\r\nfor(int i=2;i<=sum;i++)\r\n{\r\n    if(sum%i==0)\r\n        a++;\r\n}\r\n    if(a==1)\r\n        output<<"Yes"<<endl;\r\n    else\r\n        output<<"No"<<endl;\r\n   output.close();\r\n    return 0;\r\n}\r\n', 0, 'c/c++', '2018-04-15 12:30:44', '2018-04-17 21:07:41'),
(29, 86, 65, '2018-04-15 12:30:56', 'Wrong Answer', '#include <iostream>\r\n#include<fstream>\r\n#include<bits/stdc++.h>\r\nusing namespace std;\r\nint main()\r\n{\r\n    ifstream input(" Harry.in");\r\n    ofstream output;\r\n    output.open("Harry.out");\r\n\r\n\r\n  int n,a[100],sum=0;\r\n  input>>n;\r\n  for(int i=0;i<n;i++)\r\n  {\r\n      input>>a[i];\r\n  }\r\n  sort(a,a+n);\r\n  for(int i=1;i<n;i++)\r\n  {\r\n      sum+=a[i];\r\n  }\r\n  output<<sum<<endl;\r\n\r\n\r\n\r\noutput.close();\r\n    return 0;\r\n}', 0, 'c/c++', '2018-04-15 12:30:56', '2018-04-17 21:08:20'),
(30, 88, 60, '2018-04-15 12:31:12', 'Wrong Answer', '#include <bits/stdc++.h>\r\n\r\nusing namespace std;\r\n\r\ntypedef long long ll;\r\ntypedef unsigned long long ull;\r\n\r\n#define all(v) v.begin(),v.end()\r\n\r\n\r\n\r\nbool isprime(ll n)\r\n{\r\n    if(n<2)\r\n        return false;\r\n    if(n==0)return true;\r\n    if(n%2==0)\r\n        return false;\r\n    for(ll i=3;i*i<=n;i+=2)\r\n    {\r\n        if(n%2==0)\r\n            return false;\r\n    }\r\n    return true;\r\n}\r\nll gcd(ll x,ll y)\r\n{\r\n    for(ll i=min(x,y);i>=1;i--)\r\n    {\r\n        if(x%i==0&&y%i==0)\r\n            return i;\r\n    }\r\n}\r\n/*\r\nifstream in("");\r\nofstream out;\r\nout.open("");\r\n*/\r\nbool perm(vector<int> v,int n)\r\n{\r\n\r\n    for(int j=0;j<v.size()-n;j++)\r\n    {\r\n        int sum=0;\r\n        for(int i=j;i<n+j;i++)\r\n        {\r\n            sum+=v[i];\r\n            if(sum==0)\r\n                return true;\r\n        }\r\n    }\r\n\r\n    return false;\r\n}\r\n\r\nint main()\r\n{\r\n    ifstream in("Prime.in");\r\n    ofstream out;\r\n    out.open("Prime.out");\r\n    string s;\r\n    in>>s;\r\n    int sum=0;\r\n    for(int i=0;i<s.length();i++)\r\n    {\r\n        sum+=s[i];\r\n    }\r\n    if(isprime(sum))\r\n        out<<"Yes"<<endl;\r\n    else\r\n        out<<"No"<<endl;\r\n}\r\n\r\n', 0, 'c/c++', '2018-04-15 12:31:12', '2018-04-17 21:08:36'),
(31, 98, 59, '2018-04-15 12:31:56', 'Compiler Error', '\r\n#include<fstream>\r\nusing namespace std;\r\nint main()\r\n{ifstream.input("Happy.in");\r\nofstream.output;\r\nout.open("Happy.out");\r\n\r\nint x,sum=0,w;\r\ninput>>x;\r\nw=2*x; \r\nint arr[10000];\r\nfor(int i=0;i<x;i++)   \r\n{input>>arr[i];\r\nsum=sum+arr[i];\r\n\r\n}if(sum>=w)\r\n{output<<"Happy";}                                          \r\nelse \r\n	{output<<"Depressed";\r\n}\r\noutput.close();}', 0, 'c/c++', '2018-04-15 12:31:56', '2018-04-17 21:09:09'),
(32, 93, 65, '2018-04-15 12:33:09', 'Wrong Answer', '#include <fstream>\r\nusing namespace std;\r\n\r\nint main()\r\n{ ifstream input ("Harry.in");\r\nofstream output;\r\noutput.open(" Harry.out");\r\n\r\n\r\n   int n,w,d,sub=0;\r\n  input>>n>>w>>d;\r\n   sub=(n-d)*w;\r\n\r\n\r\n\r\n    output <<sub ;\r\n\r\n    output.close();\r\n}\r\n', 0, 'c/c++', '2018-04-15 12:33:09', '2018-04-17 21:09:20'),
(33, 86, 60, '2018-04-15 12:33:21', 'Accepted', '#include<iostream>\r\n#include<fstream>\r\n#include<algorithm>\r\n#include <math.h>\r\n#include<string>\r\nusing namespace std;\r\nvoid file()\r\n{\r\n	freopen("Prime.in","r",stdin);\r\n	freopen("Prime.out","r",stdout);\r\n\r\n}\r\nint main()\r\n{\r\n	ifstream input ("Prime.in");\r\n	ofstream output ;\r\n	output.open ("Prime.out");\r\n	long long int c=0,sum=0;\r\n	string s;\r\n	input>>s;\r\n	for(int i=0;i<s.size();i++)\r\n	{\r\n		sum+=s[i];\r\n	}\r\n	for(int g=2;g<=pow(sum,0.5);g++)\r\n	{\r\n		if(sum%g==0)\r\n		{c++;\r\n		break;\r\n		}\r\n	}\r\n	if(c==0)\r\n		output<<"Yes";\r\n	else\r\n		output<<"No";\r\n\r\n\r\n\r\n	return 0;\r\n}\r\n', 0, 'c/c++', '2018-04-15 12:33:21', '2018-04-17 21:09:33'),
(34, 86, 60, '2018-04-15 12:33:21', 'Accepted', '#include<iostream>\r\n#include<fstream>\r\n#include<algorithm>\r\n#include <math.h>\r\n#include<string>\r\nusing namespace std;\r\nvoid file()\r\n{\r\n	freopen("Prime.in","r",stdin);\r\n	freopen("Prime.out","r",stdout);\r\n\r\n}\r\nint main()\r\n{\r\n	ifstream input ("Prime.in");\r\n	ofstream output ;\r\n	output.open ("Prime.out");\r\n	long long int c=0,sum=0;\r\n	string s;\r\n	input>>s;\r\n	for(int i=0;i<s.size();i++)\r\n	{\r\n		sum+=s[i];\r\n	}\r\n	for(int g=2;g<=pow(sum,0.5);g++)\r\n	{\r\n		if(sum%g==0)\r\n		{c++;\r\n		break;\r\n		}\r\n	}\r\n	if(c==0)\r\n		output<<"Yes";\r\n	else\r\n		output<<"No";\r\n\r\n\r\n\r\n	return 0;\r\n}\r\n', 0, 'c/c++', '2018-04-15 12:33:21', '2018-04-17 21:13:38'),
(35, 86, 63, '2018-04-15 12:34:46', 'Wrong Answer', '#include <iostream>\r\n#include<fstream>\r\n#include<bits/stdc++.h>\r\nusing namespace std;\r\nint main()\r\n{\r\n    ifstream input(" App.in");\r\n    ofstream output;\r\n    output.open("App.out");\r\n\r\n\r\n\r\n  int n,sum=0;\r\n  input>>n;\r\n  for(int i=1;i<=n;i++)\r\n  {\r\n      if(n%i==0)\r\n        sum+=i;\r\n  }\r\n  output<<sum<<endl;\r\n\r\n\r\n\r\noutput.close();\r\n    return 0;\r\n}\r\n', 0, 'c/c++', '2018-04-15 12:34:46', '2018-04-18 17:36:00'),
(36, 98, 65, '2018-04-15 12:37:07', 'Compiler Error', '#include<fstream>\r\nusing namespace std;\r\nvoid main()\r\n{ifstream.input("Hurry Harry");\r\nofstream.output;\r\nout.open("Hurry Harry");\r\nint x,y,z,s,final;\r\ninput>>x>>y>>z;\r\ns=x-z;\r\nfinal=s*y;\r\noutput<<final;\r\noutput.close();}', 0, 'c/c++', '2018-04-15 12:37:07', '2018-04-18 17:36:08'),
(37, 88, 65, '2018-04-15 12:37:41', 'Wrong Answer', '#include <bits/stdc++.h>\r\n\r\nusing namespace std;\r\n\r\ntypedef long long ll;\r\ntypedef unsigned long long ull;\r\n\r\n#define all(v) v.begin(),v.end()\r\n\r\n\r\n\r\nbool isprime(ll n)\r\n{\r\n    if(n<2)\r\n        return false;\r\n    if(n==0)return true;\r\n    if(n%2==0)\r\n        return false;\r\n    for(ll i=3;i*i<=n;i+=2)\r\n    {\r\n        if(n%2==0)\r\n            return false;\r\n    }\r\n    return true;\r\n}\r\nll gcd(ll x,ll y)\r\n{\r\n    for(ll i=min(x,y);i>=1;i--)\r\n    {\r\n        if(x%i==0&&y%i==0)\r\n            return i;\r\n    }\r\n}\r\n/*\r\nifstream in("");\r\nofstream out;\r\nout.open("");\r\n*/\r\nbool perm(vector<int> v,int n)\r\n{\r\n\r\n    for(int j=0;j<v.size()-n;j++)\r\n    {\r\n        int sum=0;\r\n        for(int i=j;i<n+j;i++)\r\n        {\r\n            sum+=v[i];\r\n            if(sum==0)\r\n                return true;\r\n        }\r\n    }\r\n\r\n    return false;\r\n}\r\n\r\nint main()\r\n{\r\n    ifstream in("Hurry.in");\r\n    ofstream out;\r\n    out.open("Hurry.out");\r\n    int n;\r\n    in>>n;\r\n    vector<int> v(n);\r\n    ll sum=0;\r\n    for(int i=0;i<n;i++)\r\n    {\r\n        in>>v[i];\r\n        sum+=v[i];\r\n    }\r\n    int m;\r\n    in>>m;\r\n    sort(all(v));\r\n    for(int i=0;i<m;i++)\r\n        sum-=v[i];\r\n    out<<sum;\r\n\r\n}\r\n\r\n', 0, 'c/c++', '2018-04-15 12:37:41', '2018-04-18 17:41:03'),
(38, 86, 61, '2018-04-15 12:37:55', 'Wrong Answer', '#include <iostream>\r\n#include<fstream>\r\n#include<bits/stdc++.h>\r\nusing namespace std;\r\nint main()\r\n{\r\n    ifstream input(" Good.in");\r\n    ofstream output;\r\n    output.open("Good.out");\r\n\r\n\r\n\r\n\r\n  int n ,arr[100] , c=0;\r\n   input>>n;\r\n   for(int i=0 ; i<n ; i++)\r\n    {\r\n        input>>arr[i];\r\n    }\r\n\r\n    for(int i=0 ; i<n ; i++)\r\n    {\r\n        for(int j=i+1 ; j<n ;j++)\r\n        {\r\n            if((arr[i]+arr[j])%4==0)\r\n            {\r\n                c++;\r\n            }\r\n        }\r\n    }\r\n\r\n    output<<c<<endl;\r\n\r\n\r\n\r\noutput.close();\r\n    return 0;\r\n}\r\n', 0, 'c/c++', '2018-04-15 12:37:55', '2018-04-18 17:41:52'),
(39, 84, 65, '2018-04-15 12:38:56', 'Wrong Answer', '#include<fstream>\r\n#include <iostream>\r\n#include<math.h>\r\n#include<string>\r\n#include<vector>\r\n#include<algorithm>\r\n#include<iomanip>\r\n#include<cstring>\r\n#include<string.h>\r\nusing namespace std;\r\nint main()\r\n{\r\nifstream input("Harry.in");\r\nofstream output;\r\noutput.open("Harry.out");\r\n\r\n\r\nint n,x,arr[100000],sum=0;\r\ninput>>n;\r\nfor(int i=0;i<n;i++)\r\n{\r\ninput>>arr[i];\r\n}\r\ninput>>x;\r\nsort(arr,arr+n);\r\nfor(int i=0;i<=x;i++)\r\n{\r\nsum+=arr[i+x];\r\n}\r\noutput<<sum<<endl;\r\n   output.close();\r\nreturn 0;\r\n}\r\n', 0, 'c/c++', '2018-04-15 12:38:56', '2018-04-18 17:42:04'),
(40, 86, 59, '2018-04-15 12:39:02', 'Wrong Answer', '#include<iostream>\r\n#include<fstream>\r\n#include<algorithm>\r\n#include <math.h>\r\n#include<string>\r\nusing namespace std;\r\nvoid file()\r\n{\r\n	freopen("Happy.in","r",stdin);\r\n	freopen("Happy.out","r",stdout);\r\n\r\n}\r\nint main()\r\n{\r\n\r\n	ifstream input ("Happy.in");\r\n	ofstream output ;\r\n	output.open ("Happy.out");\r\n	long long n,sum=0;\r\n	int c=0,arr[1000];\r\n	input>>n;\r\n	for (int i=0;i<n;i++)\r\n	{input>>arr[i];}\r\n	if (count(arr,arr+n,0)>=1)\r\n		output<<"Happy";\r\n	else\r\n	{\r\n\r\n		for(int i=0;i<n;i++)\r\n		{\r\n			for(int j=i;j<n;j++)\r\n\r\n			{sum+=arr[j];\r\n			if (sum==0)\r\n			{c++;\r\n			break;\r\n			}}\r\n			sum=0;\r\n			if (c==1)\r\n			{break;}\r\n		}\r\n		if (c==1)\r\n			output<<"Happy";\r\n		else \r\n			output<<"Depressed";\r\n	}\r\n\r\n\r\n\r\n\r\n	return 0;\r\n}', 0, 'c/c++', '2018-04-15 12:39:02', '2018-04-18 19:21:46'),
(41, 94, 59, '2018-04-15 12:39:32', 'Accepted', '#include <iostream>\r\n#include<vector>\r\n#include<algorithm>\r\n#include<fstream>\r\nusing namespace std;\r\nvoid Allah_Fowk_kyd_Elmo3tden()\r\n{\r\n    ios::sync_with_stdio(0);\r\n    cin.tie(0);\r\n    cout.tie(0);\r\n}\r\nbool isprime(int n)\r\n{\r\n    if(n==2)\r\n        return true;\r\n    if(n<2||n%2==0)\r\n        return false;\r\n    for(int i=3;i*i<=n;i+=2)\r\n    {\r\n        if(n%i==0)\r\n            return false;\r\n    }\r\n    return true;\r\n}\r\nvoid file()\r\n{\r\n    freopen("Prime.in","a",stdin);\r\n    freopen("Prime.out","b",stdout);\r\n}\r\nbool sum(vector<int> &arr,int size1)\r\n{\r\n    long long  s=0,l=0,r=0;\r\n    while(l<size1)\r\n    {\r\n        while(r<size1)\r\n        {\r\n            s+=arr[r];\r\n            if(s==0)\r\n                return true;\r\n            r++;\r\n        }\r\n        s=0;\r\n        l++;\r\n        r=l;\r\n    }\r\n    return false;\r\n}\r\nint main()\r\n{\r\n   Allah_Fowk_kyd_Elmo3tden();\r\n    //minimum in deff\r\n\r\n\r\n    //Good chairty\r\n    /*int n;cin>>n;\r\n    vector<int>v(n);\r\n    for(int i=0;i<n;i++)\r\n    {\r\n        cin>>v[i];\r\n    }\r\n    int c=0;\r\n    for(int i=0;i<n;i++)\r\n    {\r\n        for(int j=i+1;j<n;j++)\r\n        {\r\n            if((v[i]+v[j])%4==0)\r\n                c++;\r\n        }\r\n    }\r\n    cout<<c;\r\n    */\r\n    //first 1;\r\n    ifstream input("Happy.in");\r\n    ofstream output;\r\n    output.open("Happy.out");\r\n    int n;\r\n    input>>n;\r\n    vector<int>arr(n);\r\n    for(int i=0;i<n;i++)\r\n        input>>arr[i];\r\n    bool t=sum(arr,n);\r\n    if(t==true)\r\n        output<<"Happy";\r\n    else\r\n        output<<"Depressed";\r\n        //prime string\r\n    /*\r\n    string s;cin>>s;\r\n    long long int sum=0;\r\n    for(int i=0;i<s.size();i++)\r\n        sum+=s[i];\r\n    if(isprime(sum))\r\n        cout<<"Yes";\r\n    else\r\n        cout<<"No";*/\r\n// hurry!\r\n/*\r\n    ifstream input("Harry.in");\r\n    ofstream output;\r\n    output.open("Harry.out");\r\n\r\n    int n;input>>n;\r\n    vector<int>v(n),v1;\r\n    for(int i=0;i<n;i++)\r\n        input>>v[i];\r\n    int k;input>>k;\r\n    sort(v.begin(),v.end());\r\n    long long int sum=0;\r\n    for(int i=k;i<n;i++)\r\n        sum+=v[i];\r\n    output<<sum;\r\n*/\r\n    return 0;\r\n}\r\n', 0, 'c/c++', '2018-04-15 12:39:32', '2018-04-18 17:42:20'),
(42, 95, 59, '2018-04-15 12:41:31', 'Wrong Answer', '#include <iostream>\r\n#include<fstream>\r\n\r\nusing namespace std;\r\n\r\nint main()\r\n\r\n{\r\n    ifstream input("Happy.in");\r\n\r\n    ofstream output;\r\n    output.open("Happy.out");\r\n        int arr[1000],n,sum=0,b=0,d=0;\r\n    input>>n;\r\n    int c=0;\r\n    for (int i=0;i<n;i++)\r\n    {\r\n        input>>arr[i];\r\n\r\n    }\r\n    for (int i=0;i<n;i++)\r\n    {\r\n        for(int j=i+1;j<n;j++)\r\n        {\r\n            if(arr[i]==0)\r\n            {\r\n                b++;\r\n            }\r\n           if(arr[i]+arr[j+1]==0)\r\n            {d++;\r\n            }\r\n           else if(sum+=arr[i]+arr[j]==0)\r\n\r\n               {\r\n\r\n                 c++;\r\n\r\n               }\r\n          }\r\n\r\n    }\r\n\r\n   if (sum==0||b>0||d>0)\r\n       {\r\n\r\n       output<<"Happy";\r\n\r\n       }\r\n else if (sum!=0||sum>0)\r\n        {\r\n        output<<"Depressed";\r\n        }\r\noutput.close();\r\n\r\n    return 0;\r\n}\r\n\r\n', 0, 'c/c++', '2018-04-15 12:41:31', '2018-04-18 17:42:26'),
(43, 94, 60, '2018-04-15 12:42:25', 'Accepted', '#include <iostream>\r\n#include<vector>\r\n#include<algorithm>\r\n#include<fstream>\r\nusing namespace std;\r\nvoid Allah_Fowk_kyd_Elmo3tden()\r\n{\r\n    ios::sync_with_stdio(0);\r\n    cin.tie(0);\r\n    cout.tie(0);\r\n}\r\nbool isprime(int n)\r\n{\r\n    if(n==2)\r\n        return true;\r\n    if(n<2||n%2==0)\r\n        return false;\r\n    for(int i=3;i*i<=n;i+=2)\r\n    {\r\n        if(n%i==0)\r\n            return false;\r\n    }\r\n    return true;\r\n}\r\nvoid file()\r\n{\r\n    freopen("Prime.in","a",stdin);\r\n    freopen("Prime.out","b",stdout);\r\n}\r\nbool sum(vector<int> &arr,int size1)\r\n{\r\n    long long  s=0,l=0,r=0;\r\n    while(l<size1)\r\n    {\r\n        while(r<size1)\r\n        {\r\n            s+=arr[r];\r\n            if(s==0)\r\n                return true;\r\n            r++;\r\n        }\r\n        s=0;\r\n        l++;\r\n        r=l;\r\n    }\r\n    return false;\r\n}\r\nint main()\r\n{\r\n   Allah_Fowk_kyd_Elmo3tden();\r\n    //minimum in deff\r\n\r\n\r\n    //Good chairty\r\n    /*int n;cin>>n;\r\n    vector<int>v(n);\r\n    for(int i=0;i<n;i++)\r\n    {\r\n        cin>>v[i];\r\n    }\r\n    int c=0;\r\n    for(int i=0;i<n;i++)\r\n    {\r\n        for(int j=i+1;j<n;j++)\r\n        {\r\n            if((v[i]+v[j])%4==0)\r\n                c++;\r\n        }\r\n    }\r\n    cout<<c;\r\n    */\r\n    /*\r\n    //first 1;\r\n    ifstream input("Happy.in");\r\n    ofstream output;\r\n    output.open("Happy.out");\r\n    int n;\r\n    input>>n;\r\n    vector<int>arr(n);\r\n    for(int i=0;i<n;i++)\r\n        input>>arr[i];\r\n    bool t=sum(arr,n);\r\n    if(t==true)\r\n        output<<"Happy";\r\n    else\r\n        output<<"Depressed";\r\n        */\r\n        //prime string\r\n    ifstream input("Prime.in");\r\n    ofstream output;\r\n    output.open("Prime.out");\r\n    string s;input>>s;\r\n    long long int sum=0;\r\n    for(int i=0;i<s.size();i++)\r\n        sum+=s[i];\r\n    if(isprime(sum))\r\n        output<<"Yes";\r\n    else\r\n        output<<"No";\r\n// hurry!\r\n/*\r\n    ifstream input("Harry.in");\r\n    ofstream output;\r\n    output.open("Harry.out");\r\n\r\n    int n;input>>n;\r\n    vector<int>v(n),v1;\r\n    for(int i=0;i<n;i++)\r\n        input>>v[i];\r\n    int k;input>>k;\r\n    sort(v.begin(),v.end());\r\n    long long int sum=0;\r\n    for(int i=k;i<n;i++)\r\n        sum+=v[i];\r\n    output<<sum;\r\n*/\r\n    return 0;\r\n}\r\n', 0, 'c/c++', '2018-04-15 12:42:25', '2018-04-18 17:42:32'),
(44, 94, 61, '2018-04-15 12:45:31', 'Accepted', '#include <iostream>\r\n#include<vector>\r\n#include<algorithm>\r\n#include<fstream>\r\nusing namespace std;\r\nvoid Allah_Fowk_kyd_Elmo3tden()\r\n{\r\n    ios::sync_with_stdio(0);\r\n    cin.tie(0);\r\n    cout.tie(0);\r\n}\r\nbool isprime(int n)\r\n{\r\n    if(n==2)\r\n        return true;\r\n    if(n<2||n%2==0)\r\n        return false;\r\n    for(int i=3;i*i<=n;i+=2)\r\n    {\r\n        if(n%i==0)\r\n            return false;\r\n    }\r\n    return true;\r\n}\r\nvoid file()\r\n{\r\n    freopen("Prime.in","a",stdin);\r\n    freopen("Prime.out","b",stdout);\r\n}\r\nbool sum(vector<int> &arr,int size1)\r\n{\r\n    long long  s=0,l=0,r=0;\r\n    while(l<size1)\r\n    {\r\n        while(r<size1)\r\n        {\r\n            s+=arr[r];\r\n            if(s==0)\r\n                return true;\r\n            r++;\r\n        }\r\n        s=0;\r\n        l++;\r\n        r=l;\r\n    }\r\n    return false;\r\n}\r\nint main()\r\n{\r\n   Allah_Fowk_kyd_Elmo3tden();\r\n    //minimum in deff\r\n\r\n\r\n    //Good chairty\r\n    ifstream input("Good.in");\r\n    ofstream output;\r\n    output.open("Good.out");\r\n    int n;input>>n;\r\n    vector<int>v(n);\r\n    for(int i=0;i<n;i++)\r\n    {\r\n        input>>v[i];\r\n    }\r\n    int c=0;\r\n    for(int i=0;i<n;i++)\r\n    {\r\n        for(int j=i+1;j<n;j++)\r\n        {\r\n            if((v[i]+v[j])%4==0)\r\n                c++;\r\n        }\r\n    }\r\n    output<<c;\r\n    \r\n    /*\r\n    //first 1;\r\n    ifstream input("Happy.in");\r\n    ofstream output;\r\n    output.open("Happy.out");\r\n    int n;\r\n    input>>n;\r\n    vector<int>arr(n);\r\n    for(int i=0;i<n;i++)\r\n        input>>arr[i];\r\n    bool t=sum(arr,n);\r\n    if(t==true)\r\n        output<<"Happy";\r\n    else\r\n        output<<"Depressed";\r\n        */\r\n        //prime string\r\n    /*\r\n    ifstream input("Prime.in");\r\n    ofstream output;\r\n    output.open("Prime.out");\r\n    string s;input>>s;\r\n    long long int sum=0;\r\n    for(int i=0;i<s.size();i++)\r\n        sum+=s[i];\r\n    if(isprime(sum))\r\n        output<<"Yes";\r\n    else\r\n        output<<"No";\r\n        */\r\n// hurry!\r\n/*\r\n    ifstream input("Harry.in");\r\n    ofstream output;\r\n    output.open("Harry.out");\r\n\r\n    int n;input>>n;\r\n    vector<int>v(n),v1;\r\n    for(int i=0;i<n;i++)\r\n        input>>v[i];\r\n    int k;input>>k;\r\n    sort(v.begin(),v.end());\r\n    long long int sum=0;\r\n    for(int i=k;i<n;i++)\r\n        sum+=v[i];\r\n    output<<sum;\r\n*/\r\n    return 0;\r\n}\r\n', 0, 'c/c++', '2018-04-15 12:45:31', '2018-04-18 17:42:38'),
(45, 92, 65, '2018-04-15 12:45:42', 'Wrong Answer', '# include <iostream>\r\n# include <fstream>\r\nusing namespace std;\r\nint main()\r\n{\r\nifstream input(" Harry.in");\r\nofstream output;\r\noutput.open("Harry.out");\r\nint n,w,l,z,s;\r\ninput>>n>>w>>l;\r\nz=n-l;\r\ns=z*w;\r\noutput<<s;\r\noutput.close();\r\n  return 0;\r\n}', 0, 'c/c++', '2018-04-15 12:45:42', '2018-04-18 17:42:45'),
(46, 99, 61, '2018-04-15 12:46:26', 'Wrong Answer', '#include <iostream>\r\n#include<fstream>\r\n#include<bits/stdc++.h>\r\nusing namespace std;\r\nint main()\r\n{\r\n    ifstream input(" Good.in");\r\n    ofstream output;\r\n    output.open("Good.out");\r\n\r\n\r\n\r\n\r\n  int n ,arr[100] , c=0;\r\n   input>>n;\r\n   for(int i=0 ; i<n ; i++)\r\n    {\r\n        input>>arr[i];\r\n    }\r\n\r\n    for(int i=0 ; i<n ; i++)\r\n    {\r\n        for(int j=i+1 ; j<n ;j++)\r\n        {\r\n            if((arr[i]+arr[j])%4==0)\r\n            {\r\n                c++;\r\n            }\r\n        }\r\n    }\r\n\r\n    output<<c<<endl;\r\n\r\n\r\n\r\noutput.close();\r\n    return 0;\r\n}\r\n', 0, 'c/c++', '2018-04-15 12:46:26', '2018-04-18 17:42:54'),
(47, 100, 59, '2018-04-15 12:47:07', 'Accepted', '#include<iostream>\r\n#include<fstream>\r\n#include<algorithm>\r\n#include <math.h>\r\n#include<string>\r\nusing namespace std;\r\nvoid file()\r\n{\r\n	freopen("Happy.in","r",stdin);\r\n	freopen("Happy.out","r",stdout);\r\n\r\n}\r\nint main()\r\n{\r\n\r\n	ifstream input ("Happy.in");\r\n	ofstream output ;\r\n	output.open ("Happy.out");\r\n	long long n,sum=0;\r\n	int c=0,arr[1000];\r\n	input>>n;\r\n	for (int i=0;i<n;i++)\r\n	{input>>arr[i];}\r\n	if (count(arr,arr+n,0)>=1)\r\n		output<<"Happy";\r\n	else\r\n	{\r\n\r\n		for(int i=0;i<n;i++)\r\n		{\r\n			for(int j=i;j<n;j++)\r\n\r\n			{sum+=arr[j];\r\n			if (sum==0)\r\n			{c++;\r\n			break;\r\n			}}\r\n			sum=0;\r\n			if (c==1)\r\n			{break;}\r\n		}\r\n		if (c==1)\r\n			output<<"Happy";\r\n		else \r\n			output<<"Depressed";\r\n	}\r\n\r\n\r\noutput.close();\r\n	return 0;\r\n}', 0, 'c/c++', '2018-04-15 12:47:07', '2018-04-18 17:43:02'),
(48, 98, 63, '2018-04-15 12:48:33', 'Compiler Error', '#include<fstream>\r\nusing namespace std;\r\nvoid main()\r\n{ifstream.input("Android App");\r\nofstream.output;\r\nout.open("Android App");\r\nint x,sum=0;\r\ninput>>x;\r\nfor(int i=1;i<=x;i++)\r\n{if(x%i==0)\r\nsum=sum+i;\r\n}output<<sum;\r\noutput.close();}', 0, 'c/c++', '2018-04-15 12:48:33', '2018-04-18 17:43:09'),
(49, 93, 65, '2018-04-15 12:49:05', 'Wrong Answer', '#include <fstream>\r\nusing namespace std;\r\n\r\nint main()\r\n{ ifstream input ("Harry.in");\r\nofstream output;\r\noutput.open(" Harry.out");\r\n\r\n\r\nint n,w,d,sub=0;\r\ninput>>n>>w>>d;\r\nsub=(n-d)*w;\r\n\r\n\r\n\r\noutput <<sub ;\r\n\r\noutput.close();\r\n\r\nreturn 0;\r\n}\r\n ', 0, 'c/c++', '2018-04-15 12:49:05', '2018-04-18 17:43:17'),
(50, 100, 60, '2018-04-15 12:49:42', 'Accepted', '#include<iostream>\r\n#include<fstream>\r\n#include<algorithm>\r\n#include <math.h>\r\n#include<string>\r\nusing namespace std;\r\nvoid file()\r\n{\r\n	freopen("Prime.in","r",stdin);\r\n	freopen("Prime.out","r",stdout);\r\n\r\n}\r\nint main()\r\n{\r\n	ifstream input ("Prime.in");\r\n	ofstream output ;\r\n	output.open ("Prime.out");\r\n	long long int c=0,sum=0;\r\n	string s;\r\n	input>>s;\r\n	for(int i=0;i<s.size();i++)\r\n	{\r\n		sum+=s[i];\r\n	}\r\n	for(int g=2;g<=pow(sum,0.5);g++)\r\n	{\r\n		if(sum%g==0)\r\n		{\r\n			c++;\r\n		break;\r\n		}\r\n	}\r\n	if(c==0)\r\n		output<<"Yes";\r\n	else\r\n		output<<"No";\r\n\r\n\r\n\r\n	output.close();\r\n	return 0;\r\n}\r\n', 0, 'c/c++', '2018-04-15 12:49:42', '2018-04-18 17:43:25');
INSERT INTO `submittions` (`id`, `user_id`, `problem_id`, `time`, `response`, `solution`, `submittion_rank`, `compiler`, `created`, `modified`) VALUES
(51, 88, 63, '2018-04-15 12:49:50', 'Accepted', '#include <bits/stdc++.h>\r\n\r\nusing namespace std;\r\n\r\ntypedef long long ll;\r\ntypedef unsigned long long ull;\r\n\r\n#define all(v) v.begin(),v.end()\r\n\r\n\r\n\r\nbool isprime(ll n)\r\n{\r\n    if(n<2)\r\n        return false;\r\n    if(n==0)return true;\r\n    if(n%2==0)\r\n        return false;\r\n    for(ll i=3;i*i<=n;i+=2)\r\n    {\r\n        if(n%2==0)\r\n            return false;\r\n    }\r\n    return true;\r\n}\r\nll gcd(ll x,ll y)\r\n{\r\n    for(ll i=min(x,y);i>=1;i--)\r\n    {\r\n        if(x%i==0&&y%i==0)\r\n            return i;\r\n    }\r\n}\r\n/*\r\nifstream in("");\r\nofstream out;\r\nout.open("");\r\n*/\r\nbool perm(vector<int> v,int n)\r\n{\r\n\r\n    for(int j=0;j<v.size()-n;j++)\r\n    {\r\n        int sum=0;\r\n        for(int i=j;i<n+j;i++)\r\n        {\r\n            sum+=v[i];\r\n            if(sum==0)\r\n                return true;\r\n        }\r\n    }\r\n\r\n    return false;\r\n}\r\n\r\nint main()\r\n{\r\n    ifstream in("App.in");\r\n    ofstream out;\r\n    out.open("App.out");\r\n    int n;\r\n    in>>n;\r\n    int sum=0;\r\n    for(int i=1;i<=n;i++)\r\n    {\r\n        if(n%i==0)sum+=i;\r\n    }\r\n    out<<sum;\r\n\r\n}\r\n\r\n', 0, 'c/c++', '2018-04-15 12:49:50', '2018-04-18 17:43:36'),
(52, 99, 63, '2018-04-15 12:50:50', 'Wrong Answer', '#include <iostream>\r\n#include<fstream>\r\n#include<bits/stdc++.h>\r\nusing namespace std;\r\nint main()\r\n{\r\n    ifstream input(" App.in");\r\n    ofstream output;\r\n    output.open("App.out");\r\n\r\n\r\n\r\n\r\n  int n,sum=0;\r\n  input>>n;\r\n  for(int i=1;i<=n;i++)\r\n  {\r\n      if(n%i==0)\r\n        sum+=i;\r\n  }\r\n  output<<sum<<endl;\r\n\r\n\r\noutput.close();\r\n    return 0;\r\n}\r\n', 0, 'c/c++', '2018-04-15 12:50:50', '2018-04-18 17:43:53'),
(53, 88, 60, '2018-04-15 12:53:44', 'Wrong Answer', '#include <bits/stdc++.h>\r\n\r\nusing namespace std;\r\n\r\ntypedef long long ll;\r\ntypedef unsigned long long ull;\r\n\r\n#define all(v) v.begin(),v.end()\r\n\r\n\r\n\r\nbool isprime(ll n)\r\n{\r\n    if(n<2)\r\n        return false;\r\n    if(n==0)return true;\r\n    if(n%2==0)\r\n        return false;\r\n    for(ll i=3;i*i<=n;i+=2)\r\n    {\r\n        if(n%2==0)\r\n            return false;\r\n    }\r\n    return true;\r\n}\r\nll gcd(ll x,ll y)\r\n{\r\n    for(ll i=min(x,y);i>=1;i--)\r\n    {\r\n        if(x%i==0&&y%i==0)\r\n            return i;\r\n    }\r\n}\r\n/*\r\nifstream in("");\r\nofstream out;\r\nout.open("");\r\n*/\r\nbool perm(vector<int> v,int n)\r\n{\r\n\r\n    for(int j=0;j<v.size()-n;j++)\r\n    {\r\n        int sum=0;\r\n        for(int i=j;i<n+j;i++)\r\n        {\r\n            sum+=v[i];\r\n            if(sum==0)\r\n                return true;\r\n        }\r\n    }\r\n\r\n    return false;\r\n}\r\n\r\nint main()\r\n{\r\n    ifstream in("Prime.in");\r\n    ofstream out;\r\n    out.open("Prime.in");\r\n    string s;\r\n    in>>s;\r\n    int sum=0;\r\n    for(int i=0;i<s.length();i++)\r\n    {\r\n        sum+=s[i];\r\n    }\r\n    if(isprime(sum))\r\n        out<<"Yes";\r\n    else\r\n        out<<"No";\r\n}\r\n\r\n', 0, 'c/c++', '2018-04-15 12:53:44', '2018-04-18 17:44:08'),
(54, 99, 65, '2018-04-15 12:53:58', 'Wrong Answer', '#include <iostream>\r\n#include<fstream>\r\n#include<bits/stdc++.h>\r\nusing namespace std;\r\nint main()\r\n{\r\n    ifstream input(" Harry.in");\r\n    ofstream output;\r\n    output.open("Harry.out");\r\n\r\n\r\n\r\n\r\n  int n,a[100],sum=0;\r\n  input>>n;\r\n  for(int i=0;i<n;i++)\r\n  {\r\n      input>>a[i];\r\n  }\r\n  sort(a,a+n);\r\n  for(int i=1;i<n;i++)\r\n  {\r\n      sum+=a[i];\r\n  }\r\n  output<<sum<<endl;\r\n\r\n\r\noutput.close();\r\n    return 0;\r\n}\r\n', 0, 'c/c++', '2018-04-15 12:53:58', '2018-04-18 17:44:37'),
(55, 91, 60, '2018-04-15 12:56:36', 'Compiler Error', '#include <fstream>\r\n#include <string>\r\nint main ()\r\n{\r\nif stream input ("Prime.in);\r\nof stream output ,\r\noutput.open ("Prime.out");\r\n\r\nstring s;\r\nint sum =0 ,x=0;\r\ninput>>s;\r\nfor( int i=2; i<s.size(); i++)\r\n{\r\n    sum+= int (s[i]) ;\r\n    if (sum % i==0 )\r\n    x++;\r\n}\r\n   if (x==1)\r\noutput<< "Yes";\r\nelse\r\noutput<< "No";\r\n\r\n\r\n\r\noutput.close();\r\n}', 0, 'c/c++', '2018-04-15 12:56:36', '2018-04-18 17:44:45'),
(56, 94, 66, '2018-04-15 12:59:22', 'Wrong Answer', '#include <iostream>\r\n#include<vector>\r\n#include<algorithm>\r\n#include<fstream>\r\nusing namespace std;\r\nvoid Allah_Fowk_kyd_Elmo3tden()\r\n{\r\n    ios::sync_with_stdio(0);\r\n    cin.tie(0);\r\n    cout.tie(0);\r\n}\r\nbool isprime(int n)\r\n{\r\n    if(n==2)\r\n        return true;\r\n    if(n<2||n%2==0)\r\n        return false;\r\n    for(int i=3;i*i<=n;i+=2)\r\n    {\r\n        if(n%i==0)\r\n            return false;\r\n    }\r\n    return true;\r\n}\r\nvoid file()\r\n{\r\n    freopen("Prime.in","a",stdin);\r\n    freopen("Prime.out","b",stdout);\r\n}\r\nbool sum(vector<int> &arr,int size1)\r\n{\r\n    long long  s=0,l=0,r=0;\r\n    while(l<size1)\r\n    {\r\n        while(r<size1)\r\n        {\r\n            s+=arr[r];\r\n            if(s==0)\r\n                return true;\r\n            r++;\r\n        }\r\n        s=0;\r\n        l++;\r\n        r=l;\r\n    }\r\n    return false;\r\n}\r\nint main()\r\n{\r\n   Allah_Fowk_kyd_Elmo3tden();\r\n    //minimum in deff\r\n    ifstream input("Min.in");\r\n    ofstream output;\r\n    output.open("Min.out");\r\n    int n;input>>n;\r\n    vector<pair<int,int> >v(n);\r\n    for(int i=0;i<n;i++)\r\n    {\r\n        input>>v[i].first;\r\n        v[i].second=i+1;\r\n    }\r\n    int k;input>>k;\r\n    sort(v.begin(),v.end());\r\n    for(int i=0;i<k;i++)\r\n    {\r\n        output<<v[i].second<<endl;\r\n    }\r\n\r\n    //Good chairty\r\n    /*\r\n    ifstream input("Good.in");\r\n    ofstream output;\r\n    output.open("Good.out");\r\n    int n;input>>n;\r\n    vector<int>v(n);\r\n    for(int i=0;i<n;i++)\r\n    {\r\n        input>>v[i];\r\n    }\r\n    int c=0;\r\n    for(int i=0;i<n;i++)\r\n    {\r\n        for(int j=i+1;j<n;j++)\r\n        {\r\n            if((v[i]+v[j])%4==0)\r\n                c++;\r\n        }\r\n    }\r\n    output<<c;\r\n    */\r\n    /*\r\n    //first 1;\r\n    ifstream input("Happy.in");\r\n    ofstream output;\r\n    output.open("Happy.out");\r\n    int n;\r\n    input>>n;\r\n    vector<int>arr(n);\r\n    for(int i=0;i<n;i++)\r\n        input>>arr[i];\r\n    bool t=sum(arr,n);\r\n    if(t==true)\r\n        output<<"Happy";\r\n    else\r\n        output<<"Depressed";\r\n        */\r\n        //prime string\r\n    /*\r\n    ifstream input("Prime.in");\r\n    ofstream output;\r\n    output.open("Prime.out");\r\n    string s;input>>s;\r\n    long long int sum=0;\r\n    for(int i=0;i<s.size();i++)\r\n        sum+=s[i];\r\n    if(isprime(sum))\r\n        output<<"Yes";\r\n    else\r\n        output<<"No";\r\n        */\r\n// hurry!\r\n/*\r\n    ifstream input("Harry.in");\r\n    ofstream output;\r\n    output.open("Harry.out");\r\n\r\n    int n;input>>n;\r\n    vector<int>v(n),v1;\r\n    for(int i=0;i<n;i++)\r\n        input>>v[i];\r\n    int k;input>>k;\r\n    sort(v.begin(),v.end());\r\n    long long int sum=0;\r\n    for(int i=k;i<n;i++)\r\n        sum+=v[i];\r\n    output<<sum;\r\n*/\r\n    return 0;\r\n}\r\n', 0, 'c/c++', '2018-04-15 12:59:22', '2018-04-18 17:44:53'),
(57, 91, 60, '2018-04-15 13:02:37', 'Compiler Error', '#include <fstream>\r\n#include <string>\r\nint main ()\r\n{\r\nifstream input ("Prime.in);\r\nofstream output ,\r\noutput.open ("Prime.out");\r\n\r\nstring s;\r\nint sum =0 ,x=0;\r\ninput>>s;\r\nfor( int i=2; i<s.size(); i++)\r\n{\r\nsum+= int (s[i]) ;\r\nif (sum % i==0 )\r\nx++;\r\n}\r\nif (x==1)\r\noutput<< "Yes";\r\nelse\r\noutput<< "No";\r\n\r\n\r\n\r\noutput.close();\r\n}  ', 0, 'c/c++', '2018-04-15 13:02:37', '2018-04-18 17:45:00'),
(58, 100, 65, '2018-04-15 13:02:40', 'Accepted', '\r\n#include<iostream>\r\n#include<algorithm>\r\n#include <math.h>\r\n#include<string>\r\n#include<fstream>\r\nusing namespace std;\r\nvoid file()\r\n{\r\n	freopen("Harry.in","r",stdin);\r\n	freopen("Harry.out","r",stdout);\r\n\r\n}\r\nint main()\r\n{\r\n	ifstream input ("Harry.in");\r\n	ofstream output ;\r\n	output.open ("Harry.out");\r\n\r\n	long long int n,m,arr[100],sum=0;\r\n	 input>>n;\r\n	 for(int i=0;i<n;i++)\r\n	 {\r\n		 input>>arr[i];\r\n	 }\r\n	 input>>m;\r\n	 sort(arr,arr+n);\r\n	 for(int i=m;i<n;i++)\r\n	 {sum+=arr[i];\r\n	 }\r\n	 output<<sum;\r\n\r\n\r\n\r\n	output.close();\r\n	return 0;\r\n}', 0, 'c/c++', '2018-04-15 13:02:40', '2018-04-18 17:45:07'),
(59, 99, 60, '2018-04-15 13:04:49', 'Accepted', '#include <iostream>\r\n#include<fstream>\r\n#include<bits/stdc++.h>\r\nusing namespace std;\r\nint main()\r\n{\r\n    ifstream input("Prime.in");\r\n    ofstream output;\r\n    output.open("Prime.out");\r\n\r\nstring x;\r\ninput>>x;\r\nint sum=0,z=0;\r\nfor(int i=0;i<x.size();i++)\r\n{\r\n\r\n    sum+=int(x[i]);\r\n}\r\nfor(int i=2;i<=(sum/2);i++)\r\n{\r\n    if(sum%i==0)\r\n        z++;\r\n}\r\nif(z==0)\r\n    output<<"Yes";\r\nelse\r\n   output<<"No";\r\n\r\noutput.close();\r\n    return 0;\r\n}\r\n', 0, 'c/c++', '2018-04-15 13:04:49', '2018-04-18 17:45:19'),
(60, 101, 59, '2018-04-15 13:05:31', '--', '#include<stdio.h>\r\n#include<string.h>\r\nint main()\r\n{\r\n    int n;\r\n    scanf("%d",&n);\r\n    if(n>1000||n<1){\r\nreturn 0;\r\n    }\r\n    int x[n];\r\n\r\n    for(int i=0;i<n;i++){\r\n        scanf("%d",&x[i]);\r\n        if(x[i]>1000||x[i]<-1000){\r\nreturn 0;\r\n    }\r\n    }\r\n\r\n\r\n    for (int i=0;i<n;i++){\r\n        int k=0;\r\n        for(int j=i;j<n;j++){\r\n            k=k+x[j];\r\n            if(k==0){\r\n                printf("Happy");\r\n                return 0;\r\n            }\r\n\r\n\r\n\r\n        }\r\n    }\r\n\r\n    printf("Depressed");\r\n    return 0;\r\n}\r\n', 0, 'c/c++', '2018-04-15 13:05:31', '2018-04-15 13:28:14'),
(61, 102, 60, '2018-04-15 13:06:09', 'Wrong Answer', '#include <bits/stdc++.h>\r\n\r\nusing namespace std;\r\n\r\ntypedef long long ll;\r\ntypedef unsigned long long ull;\r\n\r\n#define all(v) v.begin(),v.end()\r\n\r\n\r\n\r\nbool isprime(ll n)\r\n{\r\n    if(n<2)\r\n        return false;\r\n    if(n==0)return true;\r\n    if(n%2==0)\r\n        return false;\r\n    for(ll i=3;i*i<=n;i+=2)\r\n    {\r\n        if(n%2==0)\r\n            return false;\r\n    }\r\n    return true;\r\n}\r\nll gcd(ll x,ll y)\r\n{\r\n    for(ll i=min(x,y);i>=1;i--)\r\n    {\r\n        if(x%i==0&&y%i==0)\r\n            return i;\r\n    }\r\n}\r\n/*\r\nifstream in("");\r\nofstream out;\r\nout.open("");\r\n*/\r\nbool perm(vector<int> v,int n)\r\n{\r\n\r\n    for(int j=0;j<v.size()-n;j++)\r\n    {\r\n        int sum=0;\r\n        for(int i=j;i<n+j;i++)\r\n        {\r\n            sum+=v[i];\r\n            if(sum==0)\r\n                return true;\r\n        }\r\n    }\r\n\r\n    return false;\r\n}\r\n\r\nint main()\r\n{\r\n    ifstream in("Prime.in");\r\n    ofstream out;\r\n    out.open("Prime.in");\r\n    string s;\r\n    in>>s;\r\n    int sum=0;\r\n    for(int i=0;i<s.length();i++)\r\n    {\r\n        sum+=s[i];\r\n    }\r\n    if(isprime(sum))\r\n        out<<"Yes";\r\n    else\r\n        out<<"No";\r\n}\r\n\r\n', 0, 'c/c++', '2018-04-15 13:06:09', '2018-04-18 17:45:56'),
(62, 101, 61, '2018-04-15 13:06:21', '--', '#include<stdio.h>\r\n#include<string.h>\r\nint main()\r\n{\r\n    int n;\r\n\r\n\r\n    int l=0,k=0;\r\n    scanf("%d",&n);\r\n      if(n>100||n<1){\r\nreturn 0;\r\n    }\r\n    int x[n];\r\n\r\n    for(int i=0;i<n;i++){\r\n        scanf("%d",&x[i]);\r\n    }\r\n\r\n\r\n    for (int i=0;i<n;i++){\r\n            for(int j=0;j<n;j++){\r\n                if(j!=i){\r\n                    k=x[i]+x[j];\r\n                    if((k%4)==0){\r\n                        l++;\r\n                    }\r\n                }\r\n            }\r\n    }\r\nprintf("%d",l/2);\r\n\r\n}\r\n', 0, 'c/c++', '2018-04-15 13:06:21', '2018-04-15 13:29:16'),
(63, 102, 65, '2018-04-15 13:08:53', 'Wrong Answer', '#include <bits/stdc++.h>\r\n\r\nusing namespace std;\r\n\r\ntypedef long long ll;\r\ntypedef unsigned long long ull;\r\n\r\n#define all(v) v.begin(),v.end()\r\n\r\n\r\n\r\nbool isprime(ll n)\r\n{\r\n    if(n<2)\r\n        return false;\r\n    if(n==0)return true;\r\n    if(n%2==0)\r\n        return false;\r\n    for(ll i=3;i*i<=n;i+=2)\r\n    {\r\n        if(n%2==0)\r\n            return false;\r\n    }\r\n    return true;\r\n}\r\nll gcd(ll x,ll y)\r\n{\r\n    for(ll i=min(x,y);i>=1;i--)\r\n    {\r\n        if(x%i==0&&y%i==0)\r\n            return i;\r\n    }\r\n}\r\n/*\r\nifstream in("");\r\nofstream out;\r\nout.open("");\r\n*/\r\nbool perm(vector<int> v,int n)\r\n{\r\n\r\n    for(int j=0;j<v.size()-n;j++)\r\n    {\r\n        int sum=0;\r\n        for(int i=j;i<n+j;i++)\r\n        {\r\n            sum+=v[i];\r\n            if(sum==0)\r\n                return true;\r\n        }\r\n    }\r\n\r\n    return false;\r\n}\r\n\r\nint main()\r\n{\r\n    ifstream in("Hurry.in");\r\n    ofstream out;\r\n    out.open("Hurry.out");\r\n    int n;\r\n    in>>n;\r\n    vector<int> v(n);\r\n    ll sum=0;\r\n    for(int i=0;i<n;i++)\r\n    {\r\n        in>>v[i];\r\n        sum+=v[i];\r\n    }\r\n    int m;\r\n    in>>m;\r\n    sort(all(v));\r\n    for(int i=0;i<m;i++)\r\n        sum-=v[i];\r\n    out<<sum;\r\n\r\n}\r\n\r\n\r\n\r\n', 0, 'c/c++', '2018-04-15 13:08:53', '2018-04-18 17:46:19'),
(64, 84, 63, '2018-04-15 13:11:31', 'Accepted', '#include<fstream>\r\n#include<iostream>\r\nusing namespace std;\r\nint main()\r\n{\r\n	ifstream input("App.in");\r\nofstream output;\r\noutput.open("App.out");\r\n	int n,sum=0;\r\n	input>>n;\r\n	for(int i=1;i<=n;i++)\r\n\r\n	{\r\n		if(n%i==0)\r\n			sum+=i;\r\n	}\r\n	\r\n	\r\n	output<<sum;\r\n	   output.close();\r\n	return 0;\r\n}', 0, 'c/c++', '2018-04-15 13:11:31', '2018-04-18 17:46:27'),
(65, 100, 63, '2018-04-15 13:12:13', 'Accepted', '#include<iostream>\r\n#include<fstream>\r\n#include<algorithm>\r\n#include <math.h>\r\n#include<string>\r\nusing namespace std;\r\nint main()\r\n{\r\n	ifstream input ("App.in");\r\n	ofstream output ;\r\n	output.open ("App.out");\r\n	long long int m,sum=0;\r\n	input>>m;\r\n	for(int i=1; i<=m;i++)\r\n	{\r\n		if(m%i==0)\r\n		{\r\n			sum+=i;\r\n		}\r\n\r\n	}\r\n	output<<sum;\r\n\r\n\r\n		output.close();\r\n		return 0;\r\n}', 0, 'c/c++', '2018-04-15 13:12:13', '2018-04-18 17:49:13'),
(66, 99, 66, '2018-04-15 13:17:47', 'Wrong Answer', '#include <iostream>\r\n#include<fstream>\r\n#include<bits/stdc++.h>\r\nusing namespace std;\r\nint main()\r\n{\r\n    ifstream input("Min.in");\r\n    ofstream output;\r\n    output.open("Min.out");\r\n\r\nint n,m,arr[1000],ar[1000],c=0;\r\ninput>>n;\r\nfor(int i=0;i<n;i++)\r\n{\r\n    input>>arr[i];\r\n    ar[i]=arr[i];\r\n}\r\nsort(ar,ar+n);\r\ninput>>m;\r\nfor(int i=0;i<n;i++)\r\n{\r\n    for(int j=0;j<m;j++)\r\n    {\r\n        if(arr[i]==ar[j])\r\n        {\r\n            output<<arr[i]<<endl;\r\n            c++;\r\n            break;\r\n        }\r\n    }\r\n    continue;\r\n    if(c==m)\r\n    {break;}\r\n}\r\noutput.close();\r\n    return 0;\r\n}\r\n', 0, 'c/c++', '2018-04-15 13:17:47', '2018-04-18 17:49:26'),
(67, 95, 60, '2018-04-15 13:18:43', 'Wrong Answer', '#include<iostream>\r\n#include<fstream>\r\nusing namespace std;\r\nint main()\r\n{ifstream input("Prime.in");\r\n\r\n    ofstream output;\r\n      output.open("Prime.out");\r\n    int sum =0,d=0,c=0;\r\n    string s;\r\n    getline(input,s);\r\n    for(int i=0;i<s.size();i++)\r\n    {\r\n\r\n        sum+=s[i];\r\n    }\r\n    for(int i=2;i<s.size();i++)\r\n    {\r\n        if (sum==2||sum%i==0)\r\n            c++;\r\n            else if (sum%2==0)\r\n            d++;\r\n\r\n    }\r\n    if (c==2)\r\n        output<<"Yes";\r\n    else\r\n        output<<"No";\r\n        output.close();\r\n    return 0;\r\n}', 0, 'c/c++', '2018-04-15 13:18:43', '2018-04-18 17:49:41'),
(68, 102, 61, '2018-04-15 13:19:51', 'Accepted', '#include <iostream>\r\n#include<fstream>\r\n#include<vector>\r\n#include<string>\r\n#include<set>\r\n#include<map>\r\n#include<algorithm>\r\n#include<cmath>\r\n#include<functional>\r\n\r\nusing namespace std;\r\n\r\ntypedef long long ll;\r\ntypedef unsigned long long ull;\r\n\r\n#define all(v) v.begin(),v.end()\r\n\r\n\r\n\r\nbool isprime(ll n)\r\n{\r\n    if(n<2)\r\n        return false;\r\n    if(n==0)return true;\r\n    if(n%2==0)\r\n        return false;\r\n    for(ll i=3;i*i<=n;i+=2)\r\n    {\r\n        if(n%2==0)\r\n            return false;\r\n    }\r\n    return true;\r\n}\r\nll gcd(ll x,ll y)\r\n{\r\n    for(ll i=min(x,y);i>=1;i--)\r\n    {\r\n        if(x%i==0&&y%i==0)\r\n            return i;\r\n    }\r\n}\r\n/*\r\nifstream in("");\r\nofstream out;\r\nout.open("");\r\n*/\r\nbool perm(vector<int> v,int n)\r\n{\r\n\r\n    for(int j=0;j<v.size()-n;j++)\r\n    {\r\n        int sum=0;\r\n        for(int i=j;i<n+j;i++)\r\n        {\r\n            sum+=v[i];\r\n            if(sum==0)\r\n                return true;\r\n        }\r\n    }\r\n\r\n    return false;\r\n}\r\n\r\nint main()\r\n{\r\n    ifstream in("Good.in");\r\n    ofstream out;\r\n    out.open("Good.out");\r\n    int n;\r\n    in>>n;\r\n    vector<int> v(n);\r\n    for(int i=0;i<n;i++)\r\n        in>>v[i];\r\n    int c=0;\r\n    for(int i=0;i<n;i++)\r\n    {\r\n        for(int j=i+1;j<n;j++)\r\n        {\r\n            int sum=v[i]+v[j];\r\n            if(sum%4==0)\r\n                c++;\r\n        }\r\n    }\r\n    out<<c;\r\n    out.close();\r\n}\r\n\r\n\r\n\r\n', 0, 'c/c++', '2018-04-15 13:19:51', '2018-04-18 17:49:50'),
(69, 101, 66, '2018-04-15 13:19:59', '--', '#include<stdio.h>\r\n#include<string.h>\r\nint main()\r\n{\r\n    int n;\r\n    scanf("%d",&n);\r\n      if(n>1000||n<1){\r\nreturn 0;\r\n    }\r\n\r\n\r\nint x[n],order[n];\r\n for(int i=0;i<n;i++){\r\n        scanf("%d",&x[i]);\r\n        if(x[i]<0){\r\n            return 0;\r\n        }\r\n        order[i]=x[i];\r\n    }\r\n\r\nint m;\r\n  scanf("%d",&m);\r\n      if(m>n||m<1){\r\nreturn 0;\r\n    }\r\n\r\n    int min=0;\r\nfor(int i=0;i<(n-1);i++){\r\n    for(int j=i+1;j<n;j++){\r\n        if (order[i]>order[j]){\r\n            min=order[j];\r\n            order[j]=order[i];\r\n            order[i]=min;\r\n        }\r\n    }\r\n}\r\n\r\n /*for(int i=0;i<n;i++){\r\n\r\n        printf("%d",x[i]);\r\n\r\n }*/\r\n\r\n\r\n\r\n for(int i=0;i<n;i++){\r\n        if(x[i]<=order[m-1]){\r\n        printf("%d",x[i]);\r\n        }\r\n }\r\n\r\n\r\n}\r\n', 0, 'c/c++', '2018-04-15 13:19:59', '2018-04-15 13:30:55'),
(70, 102, 60, '2018-04-15 13:23:28', 'Wrong Answer', '#include <iostream>\r\n#include<fstream>\r\n#include<vector>\r\n#include<string>\r\n#include<set>\r\n#include<map>\r\n#include<algorithm>\r\n#include<cmath>\r\n#include<functional>\r\n\r\nusing namespace std;\r\n\r\ntypedef long long ll;\r\ntypedef unsigned long long ull;\r\n\r\n#define all(v) v.begin(),v.end()\r\n\r\n\r\n\r\nbool isprime(ll n)\r\n{\r\n    if(n<2)\r\n        return false;\r\n    if(n==0)return true;\r\n    if(n%2==0)\r\n        return false;\r\n    for(ll i=3;i*i<=n;i+=2)\r\n    {\r\n        if(n%2==0)\r\n            return false;\r\n    }\r\n    return true;\r\n}\r\nll gcd(ll x,ll y)\r\n{\r\n    for(ll i=min(x,y);i>=1;i--)\r\n    {\r\n        if(x%i==0&&y%i==0)\r\n            return i;\r\n    }\r\n}\r\n/*\r\nifstream in("");\r\nofstream out;\r\nout.open("");\r\n*/\r\nbool perm(vector<int> v,int n)\r\n{\r\n\r\n    for(int j=0;j<v.size()-n;j++)\r\n    {\r\n        int sum=0;\r\n        for(int i=j;i<n+j;i++)\r\n        {\r\n            sum+=v[i];\r\n            if(sum==0)\r\n                return true;\r\n        }\r\n    }\r\n\r\n    return false;\r\n}\r\n\r\nint main()\r\n{\r\n    ifstream in("Prime.in");\r\n    ofstream out;\r\n    out.open("Prime.in");\r\n    string s;\r\n    in>>s;\r\n    int sum=0;\r\n    for(int i=0;i<s.length();i++)\r\n    {\r\n        sum+=s[i];\r\n    }\r\n    if(isprime(sum))\r\n        out<<"Yes";\r\n    else\r\n        out<<"No";\r\n    out.close();\r\n\r\n}\r\n\r\n\r\n\r\n', 0, 'c/c++', '2018-04-15 13:23:28', '2018-04-18 17:50:00'),
(71, 99, 61, '2018-04-15 13:24:25', 'Wrong Answer', '#include <iostream>\r\n#include<fstream>\r\n#include<bits/stdc++.h>\r\nusing namespace std;\r\nint main()\r\n{\r\n    ifstream input("Good.in");\r\n    ofstream output;\r\n    output.open("Good.out");\r\n\r\n\r\n  int n ,arr[100] , c=0;\r\n   input>>n;\r\n   for(int i=0 ; i<n ; i++)\r\n    {\r\n        input>>arr[i];\r\n    }\r\n\r\n    for(int i=0 ; i<n ; i++)\r\n    {\r\n        for(int j=i+1 ; j<n ;j++)\r\n        {\r\n            if((arr[i]+arr[j])%4==0)\r\n            {\r\n                c++;\r\n            }\r\n        }\r\n    }\r\n\r\n    output<<c<<endl;\r\n\r\n\r\n\r\n\r\n\r\n\r\noutput.close();\r\n    return 0;\r\n}\r\n', 0, 'c/c++', '2018-04-15 13:24:25', '2018-04-18 17:50:13'),
(72, 100, 63, '2018-04-15 13:24:53', 'Accepted', '#include<iostream>\r\n#include<fstream>\r\n#include<algorithm>\r\n#include <math.h>\r\n#include<string>\r\nusing namespace std;\r\nint main()\r\n{\r\n	ifstream input ("App.in");\r\n	ofstream output ;\r\n	output.open ("App.out");\r\n	long long int m,sum=0;\r\n	input>>m;\r\n	for(int i=1; i<=m;i++)\r\n	{\r\n		if(m%i==0)\r\n		{\r\n			sum+=i;\r\n		}\r\n\r\n	}\r\n	output<<sum;\r\n\r\n\r\n		output.close();\r\n		return 0;\r\n}', 0, 'c/c++', '2018-04-15 13:24:53', '2018-04-18 17:50:26'),
(73, 94, 66, '2018-04-15 13:25:11', 'Wrong Answer', '#include <iostream>\r\n#include<vector>\r\n#include<algorithm>\r\n#include<fstream>\r\n#include<cmath>\r\n#include<string>\r\nusing namespace std;\r\nvoid Allah_Fowk_kyd_Elmo3tden()\r\n{\r\n    ios::sync_with_stdio(0);\r\n    cin.tie(0);\r\n    cout.tie(0);\r\n}\r\nbool isprime(int n)\r\n{\r\n    if(n==2)\r\n        return true;\r\n    if(n<2||n%2==0)\r\n        return false;\r\n    for(int i=3;i*i<=n;i+=2)\r\n    {\r\n        if(n%i==0)\r\n            return false;\r\n    }\r\n    return true;\r\n}\r\nvoid file()\r\n{\r\n    freopen("Prime.in","a",stdin);\r\n    freopen("Prime.out","b",stdout);\r\n}\r\nbool sum(vector<int> &arr,int size1)\r\n{\r\n    long long  s=0,l=0,r=0;\r\n    while(l<size1)\r\n    {\r\n        while(r<size1)\r\n        {\r\n            s+=arr[r];\r\n            if(s==0)\r\n                return true;\r\n            r++;\r\n        }\r\n        s=0;\r\n        l++;\r\n        r=l;\r\n    }\r\n    return false;\r\n}\r\nint main()\r\n{\r\n   Allah_Fowk_kyd_Elmo3tden();\r\n   //string game\r\n   /*\r\n   string s;cin>>s;\r\n   string be,en;cin>>be>>en;\r\n   int mn=99999;\r\n   for(int i=0;i<s.size();i++)\r\n   {\r\n       int x=find(s.begin()+i,s.end());\r\n       int y=find(en);\r\n       int z=be.size()+en.size()+(y-(x+be.size()));\r\n       mn=min(mn,z);\r\n   }\r\n   cout<<mn;\r\n   */\r\n    //minimum in deff\r\n    \r\n    ifstream input("Min.in");\r\n    ofstream output;\r\n    output.open("Min.out");\r\n    int n;input>>n;\r\n    vector<pair<int,int> >v(n);\r\n    for(int i=0;i<n;i++)\r\n    {\r\n        input>>v[i].first;\r\n        v[i].second=i+1;\r\n    }\r\n    int k;input>>k;\r\n    sort(v.begin(),v.end());\r\n    for(int i=0;i<k;i++)\r\n    {\r\n        if(i!=k-1)\r\n            output<<v[i].second<<endl;\r\n        else\r\n            output<<v[i].second;\r\n    }\r\n    \r\n    //Good chairty\r\n    /*\r\n    ifstream input("Good.in");\r\n    ofstream output;\r\n    output.open("Good.out");\r\n    int n;input>>n;\r\n    vector<int>v(n);\r\n    for(int i=0;i<n;i++)\r\n    {\r\n        input>>v[i];\r\n    }\r\n    int c=0;\r\n    for(int i=0;i<n;i++)\r\n    {\r\n        for(int j=i+1;j<n;j++)\r\n        {\r\n            if((v[i]+v[j])%4==0)\r\n                c++;\r\n        }\r\n    }\r\n    output<<c;\r\n    */\r\n    /*\r\n    //first 1;\r\n    ifstream input("Happy.in");\r\n    ofstream output;\r\n    output.open("Happy.out");\r\n    int n;\r\n    input>>n;\r\n    vector<int>arr(n);\r\n    for(int i=0;i<n;i++)\r\n        input>>arr[i];\r\n    bool t=sum(arr,n);\r\n    if(t==true)\r\n        output<<"Happy";\r\n    else\r\n        output<<"Depressed";\r\n        */\r\n        //prime string\r\n    /*\r\n    ifstream input("Prime.in");\r\n    ofstream output;\r\n    output.open("Prime.out");\r\n    string s;input>>s;\r\n    long long int sum=0;\r\n    for(int i=0;i<s.size();i++)\r\n        sum+=s[i];\r\n    if(isprime(sum))\r\n        output<<"Yes";\r\n    else\r\n        output<<"No";\r\n        */\r\n// hurry!\r\n/*\r\n    ifstream input("Harry.in");\r\n    ofstream output;\r\n    output.open("Harry.out");\r\n\r\n    int n;input>>n;\r\n    vector<int>v(n),v1;\r\n    for(int i=0;i<n;i++)\r\n        input>>v[i];\r\n    int k;input>>k;\r\n    sort(v.begin(),v.end());\r\n    long long int sum=0;\r\n    for(int i=k;i<n;i++)\r\n        sum+=v[i];\r\n    output<<sum;\r\n*/\r\n    return 0;\r\n}\r\n', 0, 'c/c++', '2018-04-15 13:25:11', '2018-04-18 17:50:35'),
(74, 84, 60, '2018-04-15 13:26:09', 'Accepted', '#include<fstream>\r\n#include <iostream>\r\n#include<math.h>\r\n#include<string>\r\n#include<vector>\r\n#include<algorithm>\r\n#include<iomanip>\r\n#include<cstring>\r\n#include<string.h>\r\nusing namespace std;\r\nint main()\r\n{\r\nifstream input("prime.in");\r\nofstream output;\r\noutput.open("prime.out");\r\n\r\nint a=0;\r\nlong long sum=0;\r\nstring x;\r\ngetline(input,x);\r\nfor(int i=0;i<x.size();i++)\r\n{\r\nsum+= x[i];\r\n}\r\nfor(int i=2;i<=sum;i++)\r\n{\r\nif(sum%i==0)\r\na++;\r\n}\r\nif(a==1)\r\noutput<<"Yes";\r\nelse\r\noutput<<"No";\r\noutput.close();\r\nreturn 0;\r\n}\r\n', 0, 'c/c++', '2018-04-15 13:26:09', '2018-04-18 17:50:45'),
(75, 91, 63, '2018-04-15 13:26:34', 'Compiler Error', '#include <fstream>\r\n#include <string>\r\nint main ()\r\n{\r\nifstream input ("App.in");\r\nofstream output ;\r\noutput.open ("App.out");\r\nint n,sum=0 ;\r\ninput >>n;\r\nfor ( int i=1; i<=n; i++ )\r\n{\r\nif (n%i==0)\r\nsum+=i;\r\n}\r\noutput<<sum;\r\n\r\noutput.close();\r\n}  ', 0, 'c/c++', '2018-04-15 13:26:34', '2018-04-18 17:50:51'),
(76, 84, 65, '2018-04-15 13:28:00', 'Wrong Answer', '#include<fstream>\r\n#include <iostream>\r\n#include<math.h>\r\n#include<string>\r\n#include<vector>\r\n#include<algorithm>\r\n#include<iomanip>\r\n#include<cstring>\r\n#include<string.h>\r\nusing namespace std;\r\nint main()\r\n{\r\nifstream input("Harry.in");\r\nofstream output;\r\noutput.open("Harry.out");\r\n\r\n\r\nint n,x,arr[100000],sum=0;\r\ninput>>n;\r\nfor(int i=0;i<n;i++)\r\n{\r\ninput>>arr[i];\r\n}\r\ninput>>x;\r\nsort(arr,arr+n);\r\nfor(int i=0;i<=x;i++)\r\n{\r\nsum+=arr[i+x];\r\n}\r\noutput<<sum;\r\noutput.close();\r\nreturn 0;\r\n}\r\n', 0, 'c/c++', '2018-04-15 13:28:00', '2018-04-18 17:52:12'),
(77, 99, 63, '2018-04-15 13:28:28', 'Wrong Answer', '#include <iostream>\r\n#include<fstream>\r\n#include<bits/stdc++.h>\r\nusing namespace std;\r\nint main()\r\n{\r\n    ifstream input("App.in");\r\n    ofstream output;\r\n    output.open("App.out");\r\n\r\nint n,sum=0;\r\n  input>>n;\r\n  for(int i=1;i<=n;i++)\r\n  {\r\n      if(n%i==0)\r\n        sum+=i;\r\n  }\r\n  output<<sum<<endl;\r\n\r\n\r\n\r\n\r\n\r\n\r\noutput.close();\r\n    return 0;\r\n}\r\n', 0, 'c/c++', '2018-04-15 13:28:28', '2018-04-18 17:52:25'),
(78, 100, 63, '2018-04-15 13:30:29', 'Accepted', '#include<iostream>\r\n#include<fstream>\r\n#include<algorithm>\r\n#include <math.h>\r\n#include<string>\r\nusing namespace std;\r\nint main()\r\n{\r\n	ifstream input ("App.in");\r\n	ofstream output ;\r\n	output.open ("App.out");\r\n	long long int m,sum=0;\r\n	input>>m;\r\n	for(int i=1; i<=m;i++)\r\n	{\r\n		if(m%i==0)\r\n		{\r\n			sum+=i;\r\n		}\r\n\r\n	}\r\n	output<<sum;\r\n\r\n\r\n		output.close();\r\n		return 0;\r\n}', 0, 'c/c++', '2018-04-15 13:30:29', '2018-04-18 17:52:37'),
(79, 102, 59, '2018-04-15 13:30:44', 'Wrong Answer', '#include <iostream>\r\n#include<fstream>\r\n#include<vector>\r\n#include<string>\r\n#include<set>\r\n#include<map>\r\n#include<algorithm>\r\n#include<cmath>\r\n#include<functional>\r\n\r\nusing namespace std;\r\n\r\ntypedef long long ll;\r\ntypedef unsigned long long ull;\r\n\r\n#define all(v) v.begin(),v.end()\r\n\r\n\r\n\r\nbool isprime(ll n)\r\n{\r\n    if(n<2)\r\n        return false;\r\n    if(n==0)return true;\r\n    if(n%2==0)\r\n        return false;\r\n    for(ll i=3;i*i<=n;i+=2)\r\n    {\r\n        if(n%2==0)\r\n            return false;\r\n    }\r\n    return true;\r\n}\r\nll gcd(ll x,ll y)\r\n{\r\n    for(ll i=min(x,y);i>=1;i--)\r\n    {\r\n        if(x%i==0&&y%i==0)\r\n            return i;\r\n    }\r\n}\r\n/*\r\nifstream in("");\r\nofstream out;\r\nout.open("");\r\n*/\r\nbool perm(vector<int> v,int n)\r\n{\r\n\r\n    for(int j=0;j<v.size()-n;j++)\r\n    {\r\n        int sum=0;\r\n        for(int i=j;i<n+j;i++)\r\n        {\r\n            sum+=v[i];\r\n            if(sum==0)\r\n                return true;\r\n        }\r\n    }\r\n\r\n    return false;\r\n}\r\n\r\nint main()\r\n{\r\n    ifstream in("Happy.in");\r\n    ofstream out;\r\n    out.open("Happy.in");\r\n    int n;\r\n    in>>n;\r\n    vector<int> v(n);\r\n    bool h=false;\r\n    for(int i=0;i<n;i++)\r\n    {\r\n        in>>v[i];\r\n        if(v[i]==0)\r\n            h=true;\r\n    }\r\n    if(h)\r\n    {\r\n        out<<"Happy";\r\n        return 0;\r\n    }\r\n    for(int i=0;i<n;i++)\r\n    {\r\n        int sum=0;\r\n        for(int j=i;j<n;j++)\r\n        {\r\n            sum+=v[j];\r\n            if(sum==0)\r\n            {\r\n                out<<"Happy";\r\n                return 0;\r\n            }\r\n        }\r\n    }\r\n    out<<"Depressed";\r\n\r\n    out.close();\r\n    return 0;\r\n}\r\n\r\n\r\n\r\n', 0, 'c/c++', '2018-04-15 13:30:44', '2018-04-18 19:24:39'),
(80, 99, 65, '2018-04-15 13:31:30', 'Wrong Answer', '#include <iostream>\r\n#include<fstream>\r\n#include<bits/stdc++.h>\r\nusing namespace std;\r\nint main()\r\n{\r\n    ifstream input("Harry.in");\r\n    ofstream output;\r\n    output.open("Harry.out");\r\n\r\n\r\n  int n,a[100],sum=0;\r\n  input>>n;\r\n  for(int i=0;i<n;i++)\r\n  {\r\n      input>>a[i];\r\n  }\r\n  sort(a,a+n);\r\n  for(int i=1;i<n;i++)\r\n  {\r\n      sum+=a[i];\r\n  }\r\n  output<<sum<<endl;\r\n\r\n\r\n\r\n\r\n\r\noutput.close();\r\n    return 0;\r\n}\r\n', 0, 'c/c++', '2018-04-15 13:31:30', '2018-04-18 17:52:59'),
(81, 102, 65, '2018-04-15 13:33:31', 'Wrong Answer', '#include <iostream>\r\n#include<fstream>\r\n#include<vector>\r\n#include<string>\r\n#include<set>\r\n#include<map>\r\n#include<algorithm>\r\n#include<cmath>\r\n#include<functional>\r\n\r\nusing namespace std;\r\n\r\ntypedef long long ll;\r\ntypedef unsigned long long ull;\r\n\r\n#define all(v) v.begin(),v.end()\r\n\r\n\r\n\r\nbool isprime(ll n)\r\n{\r\n    if(n<2)\r\n        return false;\r\n    if(n==0)return true;\r\n    if(n%2==0)\r\n        return false;\r\n    for(ll i=3;i*i<=n;i+=2)\r\n    {\r\n        if(n%2==0)\r\n            return false;\r\n    }\r\n    return true;\r\n}\r\nll gcd(ll x,ll y)\r\n{\r\n    for(ll i=min(x,y);i>=1;i--)\r\n    {\r\n        if(x%i==0&&y%i==0)\r\n            return i;\r\n    }\r\n}\r\n/*\r\nifstream in("");\r\nofstream out;\r\nout.open("");\r\n*/\r\nbool perm(vector<int> v,int n)\r\n{\r\n\r\n    for(int j=0;j<v.size()-n;j++)\r\n    {\r\n        int sum=0;\r\n        for(int i=j;i<n+j;i++)\r\n        {\r\n            sum+=v[i];\r\n            if(sum==0)\r\n                return true;\r\n        }\r\n    }\r\n\r\n    return false;\r\n}\r\n\r\nint main()\r\n{\r\n    ifstream in("Hurry.in");\r\n    ofstream out;\r\n    out.open("Hurry.out");\r\n    int n;\r\n    in>>n;\r\n    vector<int> v(n);\r\n    ll sum=0;\r\n    for(int i=0;i<n;i++)\r\n    {\r\n        in>>v[i];\r\n        sum+=v[i];\r\n    }\r\n    int m;\r\n    in>>m;\r\n    sort(all(v));\r\n    for(int i=0;i<m;i++)\r\n        sum-=v[i];\r\n    out<<sum;\r\n    out.close();\r\n    return 0;\r\n}\r\n', 0, 'c/c++', '2018-04-15 13:33:31', '2018-04-18 17:53:13'),
(82, 95, 59, '2018-04-15 13:33:46', 'Compiler Error', '#include <iostream>\r\n#include<fstream>\r\n\r\nusing namespace std;\r\n\r\nint main()\r\n\r\n{\r\n    ifstream input("Happy.in");\r\n\r\n    ofstream output;\r\n    output.open("Happy.out");\r\n        int arr[1000],n,sum=0,b=0,d=0;\r\n    input>>n;\r\n    int c=0;\r\n    for (int i=0;i<n;i++)\r\n    {\r\n        input>>arr[i];\r\n\r\n    }\r\n    for (int i=0;i<n;i++)\r\n    {\r\n        for(int j=i+1;j<n;j++)\r\n        {\r\n            if(arr[i]==0)\r\n            {\r\n                b++;\r\n            }\r\n           if(arr[i]+arr[j+1]==0)\r\n            {d++;\r\n            }\r\n           else if(sum+=arr[i]+arr[j]==0)\r\n\r\n               {\r\n\r\n                 c++;\r\n\r\n               }\r\n          }\r\n\r\n    }\r\n\r\n   if (sum==0||b>0||d>0)\r\n       {\r\n\r\n       output<<Happy;\r\n\r\n       }\r\n else if (sum!=0||sum>0)\r\n        {\r\n        output<<Depressed;\r\n        }\r\noutput.close();\r\n\r\n    return 0;\r\n}', 0, 'c/c++', '2018-04-15 13:33:46', '2018-04-18 17:53:22'),
(83, 94, 63, '2018-04-15 13:34:12', 'Accepted', '#include <iostream>\r\n#include<vector>\r\n#include<algorithm>\r\n#include<fstream>\r\n#include<cmath>\r\n#include<string>\r\nusing namespace std;\r\nvoid Allah_Fowk_kyd_Elmo3tden()\r\n{\r\n    ios::sync_with_stdio(0);\r\n    cin.tie(0);\r\n    cout.tie(0);\r\n}\r\nbool isprime(int n)\r\n{\r\n    if(n==2)\r\n        return true;\r\n    if(n<2||n%2==0)\r\n        return false;\r\n    for(int i=3;i*i<=n;i+=2)\r\n    {\r\n        if(n%i==0)\r\n            return false;\r\n    }\r\n    return true;\r\n}\r\nvoid file()\r\n{\r\n    freopen("Prime.in","a",stdin);\r\n    freopen("Prime.out","b",stdout);\r\n}\r\nbool sum(vector<int> &arr,int size1)\r\n{\r\n    long long  s=0,l=0,r=0;\r\n    while(l<size1)\r\n    {\r\n        while(r<size1)\r\n        {\r\n            s+=arr[r];\r\n            if(s==0)\r\n                return true;\r\n            r++;\r\n        }\r\n        s=0;\r\n        l++;\r\n        r=l;\r\n    }\r\n    return false;\r\n}\r\nint main()\r\n{\r\n   Allah_Fowk_kyd_Elmo3tden();\r\n   //\r\n   //Android app\r\n   ifstream input("App.in");\r\n   ofstream output;\r\n   output.open("App.out");\r\n   int n;input>>n;\r\n   long long sum=0;\r\n   for(int i=1;i<=n;i++)\r\n   {\r\n       if(n%i==0)\r\n            sum+=i;\r\n   }\r\n   output<<sum;\r\n   //string game\r\n   /*\r\n   string s;cin>>s;\r\n   string be,en;cin>>be>>en;\r\n   int mn=99999;\r\n   for(int i=0;i<s.size();i++)\r\n   {\r\n       int x=find(s.begin()+i,s.end());\r\n       int y=find(en);\r\n       int z=be.size()+en.size()+(y-(x+be.size()));\r\n       mn=min(mn,z);\r\n   }\r\n   cout<<mn;\r\n   */\r\n    //minimum in deff\r\n    /*\r\n    ifstream input("Min.in");\r\n    ofstream output;\r\n    output.open("Min.out");\r\n    int n;input>>n;\r\n    vector<pair<int,int> >v(n);\r\n    for(int i=0;i<n;i++)\r\n    {\r\n        input>>v[i].first;\r\n        v[i].second=i+1;\r\n    }\r\n    int k;input>>k;\r\n    sort(v.begin(),v.end());\r\n    for(int i=0;i<k;i++)\r\n    {\r\n        if(i!=k-1)\r\n            output<<v[i].second<<endl;\r\n        else\r\n            output<<v[i].second;\r\n    }\r\n    /*\r\n    //Good chairty\r\n    /*\r\n    ifstream input("Good.in");\r\n    ofstream output;\r\n    output.open("Good.out");\r\n    int n;input>>n;\r\n    vector<int>v(n);\r\n    for(int i=0;i<n;i++)\r\n    {\r\n        input>>v[i];\r\n    }\r\n    int c=0;\r\n    for(int i=0;i<n;i++)\r\n    {\r\n        for(int j=i+1;j<n;j++)\r\n        {\r\n            if((v[i]+v[j])%4==0)\r\n                c++;\r\n        }\r\n    }\r\n    output<<c;\r\n    */\r\n    /*\r\n    //first 1;\r\n    ifstream input("Happy.in");\r\n    ofstream output;\r\n    output.open("Happy.out");\r\n    int n;\r\n    input>>n;\r\n    vector<int>arr(n);\r\n    for(int i=0;i<n;i++)\r\n        input>>arr[i];\r\n    bool t=sum(arr,n);\r\n    if(t==true)\r\n        output<<"Happy";\r\n    else\r\n        output<<"Depressed";\r\n        */\r\n        //prime string\r\n    /*\r\n    ifstream input("Prime.in");\r\n    ofstream output;\r\n    output.open("Prime.out");\r\n    string s;input>>s;\r\n    long long int sum=0;\r\n    for(int i=0;i<s.size();i++)\r\n        sum+=s[i];\r\n    if(isprime(sum))\r\n        output<<"Yes";\r\n    else\r\n        output<<"No";\r\n        */\r\n// hurry!\r\n/*\r\n    ifstream input("Harry.in");\r\n    ofstream output;\r\n    output.open("Harry.out");\r\n\r\n    int n;input>>n;\r\n    vector<int>v(n),v1;\r\n    for(int i=0;i<n;i++)\r\n        input>>v[i];\r\n    int k;input>>k;\r\n    sort(v.begin(),v.end());\r\n    long long int sum=0;\r\n    for(int i=k;i<n;i++)\r\n        sum+=v[i];\r\n    output<<sum;\r\n*/\r\n    return 0;\r\n}\r\n', 0, 'c/c++', '2018-04-15 13:34:12', '2018-04-18 17:53:30'),
(84, 101, 63, '2018-04-15 13:36:21', '--', '#include<stdio.h>\r\n#include<string.h>\r\nint main()\r\n{\r\n    int n,sum=0;\r\n        scanf("%d",&n);\r\n         if(n>10000||n<2){\r\nreturn 0;\r\n    }\r\n        for(int i=1;i<=n;i++){\r\n            if ((n%i)==0){\r\n                sum=sum+i;\r\n            }\r\n        }\r\n        printf("%d",sum);\r\n}\r\n', 0, 'c/c++', '2018-04-15 13:36:21', '2018-04-15 13:38:08'),
(85, 95, 60, '2018-04-15 13:36:31', 'Compiler Error', '\r\n#include<iostream>\r\n#include<fstream>\r\nusing namespace std;\r\nint main()\r\n{ifstream input("Prime.in");\r\n\r\n    ofstream output;\r\n      output.open("Prime.out");\r\n    int sum =0,d=0,c=0;\r\n    string s;\r\n    getline(input,s);\r\n    for(int i=0;i<s.size();i++)\r\n    {\r\n\r\n        sum+=s[i];\r\n    }\r\n    for(int i=2;i<s.size();i++)\r\n    {\r\n        if (sum==2||sum%i==0)\r\n            c++;\r\n            else if (sum%2==0)\r\n            d++;\r\n\r\n    }\r\n    if (c==2)\r\n        output<<Yes;\r\n    else\r\n        output<<No;\r\n        output.close();\r\n    return 0;\r\n}', 0, 'c/c++', '2018-04-15 13:36:31', '2018-04-18 17:53:39'),
(86, 84, 61, '2018-04-15 13:37:02', 'Wrong Answer', '#include<fstream>\r\n#include <iostream>\r\n#include<math.h>\r\n#include<string>\r\n#include<vector>\r\n#include<algorithm>\r\n#include<iomanip>\r\n#include<cstring>\r\n#include<string.h>\r\nusing namespace std;\r\nint main()\r\n{\r\nifstream input("Good.in");\r\nofstream output;\r\noutput.open("Good.out");\r\n	int x=0,n,arr[100000];\r\n	input>>n;\r\n	for(int i=0;i<n;i++)\r\n	{\r\n		input>>arr[i];\r\n	}\r\n	for(int i=0;i<n;i++)\r\n	{\r\n		if((arr[i]+arr[i+1])%4==0)\r\n		{\r\n			x++;\r\n		}\r\n	}\r\noutput<<x;\r\n	\r\noutput.close();\r\nreturn 0;\r\n}\r\n', 0, 'c/c++', '2018-04-15 13:37:02', '2018-04-18 17:53:46'),
(87, 91, 60, '2018-04-15 13:39:01', 'Compiler Error', '#include <fstream>\r\n#include <string>\r\nint main ()\r\n{\r\nifstream input ("Prime.in);\r\nofstream output ;\r\noutput.open ("Prime.out");\r\n\r\nstring s;\r\nint sum =0 ,x=0;\r\ninput>>s;\r\nfor( int i=2; i<s.size(); i++)\r\n{\r\nsum+= int (s[i]) ;\r\nif (sum % i==0 )\r\nx++;\r\n}\r\nif (x==1)\r\noutput<< "Yes";\r\nelse\r\noutput<< "No";\r\n\r\n\r\n\r\noutput.close();\r\n}  ', 0, 'c/c++', '2018-04-15 13:39:01', '2018-04-18 17:53:52'),
(88, 102, 63, '2018-04-15 13:41:35', 'Accepted', '#include <iostream>\r\n#include<fstream>\r\n#include<vector>\r\n#include<string>\r\n#include<set>\r\n#include<map>\r\n#include<algorithm>\r\n#include<cmath>\r\n#include<functional>\r\n\r\nusing namespace std;\r\n\r\ntypedef long long ll;\r\ntypedef unsigned long long ull;\r\n\r\n#define all(v) v.begin(),v.end()\r\n\r\n\r\n\r\nbool isprime(ll n)\r\n{\r\n    if(n<2)\r\n        return false;\r\n    if(n==0)return true;\r\n    if(n%2==0)\r\n        return false;\r\n    for(ll i=3;i*i<=n;i+=2)\r\n    {\r\n        if(n%2==0)\r\n            return false;\r\n    }\r\n    return true;\r\n}\r\nll gcd(ll x,ll y)\r\n{\r\n    for(ll i=min(x,y);i>=1;i--)\r\n    {\r\n        if(x%i==0&&y%i==0)\r\n            return i;\r\n    }\r\n}\r\n/*\r\nifstream in("");\r\nofstream out;\r\nout.open("");\r\n*/\r\nbool perm(vector<int> v,int n)\r\n{\r\n\r\n    for(int j=0;j<v.size()-n;j++)\r\n    {\r\n        int sum=0;\r\n        for(int i=j;i<n+j;i++)\r\n        {\r\n            sum+=v[i];\r\n            if(sum==0)\r\n                return true;\r\n        }\r\n    }\r\n\r\n    return false;\r\n}\r\n\r\nint main()\r\n{\r\n    ifstream in("App.in");\r\n    ofstream out;\r\n    out.open("App.out");\r\n    int n,sum=0;\r\n    in>>n;\r\n    for(int i=1;i<=n;i++)\r\n    {\r\n        if(n%i==0)\r\n            sum+=i;\r\n    }\r\n    out<<sum;\r\n    out.close();\r\n}\r\n', 0, 'c/c++', '2018-04-15 13:41:35', '2018-04-18 17:54:00'),
(89, 100, 61, '2018-04-15 13:42:31', 'Wrong Answer', '#include<iostream>\r\n#include<fstream>\r\n#include<algorithm>\r\n#include <math.h>\r\n#include<string>\r\nusing namespace std;\r\nint main()\r\n{\r\n	ifstream input ("Good.in");\r\n	ofstream output ;\r\n	output.open ("Good.out");\r\n	\r\n	int n,arr[100],c=0;\r\n	input>>n;\r\n	for(int i=0;i<n;i++)\r\n	{\r\n		input>>arr[i];\r\n	}\r\n	for(int i=0;i<n-1;i++)\r\n	{\r\n		if((arr[i]+arr[i+1])%4==0)\r\n		{c++;}\r\n	}\r\n	output<<c;\r\n\r\n\r\n	output.close();\r\n	return 0;\r\n}\r\n', 0, 'c/c++', '2018-04-15 13:42:31', '2018-04-18 17:54:08'),
(90, 99, 65, '2018-04-15 13:44:38', 'Wrong Answer', '#include <iostream>\r\n#include<fstream>\r\n#include<bits/stdc++.h>\r\nusing namespace std;\r\nint main()\r\n{\r\n    ifstream input("Harry.in");\r\n    ofstream output;\r\n    output.open("Harry.out");\r\n\r\n\r\n  int n,a[100],sum=0;\r\n  input>>n;\r\n  for(int i=0;i<n;i++)\r\n  {\r\n      input>>a[i];\r\n  }\r\n  sort(a,a+n);\r\n  for(int i=1;i<n;i++)\r\n  {\r\n      sum+=a[i];\r\n  }\r\n  output<<sum;\r\noutput.close();\r\n    return 0;\r\n}\r\n', 0, 'c/c++', '2018-04-15 13:44:38', '2018-04-18 17:54:17'),
(91, 102, 60, '2018-04-15 13:46:51', 'Accepted', '#include <iostream>\r\n#include<fstream>\r\n#include<vector>\r\n#include<string>\r\n#include<set>\r\n#include<map>\r\n#include<algorithm>\r\n#include<cmath>\r\n#include<functional>\r\n\r\nusing namespace std;\r\n\r\ntypedef long long ll;\r\ntypedef unsigned long long ull;\r\n\r\n#define all(v) v.begin(),v.end()\r\n\r\n\r\n\r\nbool isprime(ll n)\r\n{\r\n    if(n<2)\r\n        return false;\r\n    if(n==0)return true;\r\n    if(n%2==0)\r\n        return false;\r\n    for(ll i=3;i*i<=n;i+=2)\r\n    {\r\n        if(n%2==0)\r\n            return false;\r\n    }\r\n    return true;\r\n}\r\nll gcd(ll x,ll y)\r\n{\r\n    for(ll i=min(x,y);i>=1;i--)\r\n    {\r\n        if(x%i==0&&y%i==0)\r\n            return i;\r\n    }\r\n}\r\n/*\r\nifstream in("");\r\nofstream out;\r\nout.open("");\r\n*/\r\nbool perm(vector<int> v,int n)\r\n{\r\n\r\n    for(int j=0;j<v.size()-n;j++)\r\n    {\r\n        int sum=0;\r\n        for(int i=j;i<n+j;i++)\r\n        {\r\n            sum+=v[i];\r\n            if(sum==0)\r\n                return true;\r\n        }\r\n    }\r\n\r\n    return false;\r\n}\r\n\r\nint main()\r\n{\r\n    ifstream in("Prime.in");\r\n    ofstream out;\r\n    out.open("Prime.out");\r\n    string s;\r\n    in>>s;\r\n    int sum=0;\r\n    for(int i=0;i<s.length();i++)\r\n        sum+=s[i];\r\n    if(isprime(sum))\r\n        out<<"Yes";\r\n    else\r\n        out<<"No";\r\n    out.close();\r\n}\r\n', 0, 'c/c++', '2018-04-15 13:46:51', '2018-04-18 17:54:27'),
(92, 99, 63, '2018-04-15 13:48:10', 'Accepted', '#include <iostream>\r\n#include<fstream>\r\n#include<bits/stdc++.h>\r\nusing namespace std;\r\nint main()\r\n{\r\n    ifstream input("App.in");\r\n    ofstream output;\r\n    output.open("App.out");\r\n\r\n\r\n  int n,sum=0;\r\n  input>>n;\r\n  for(int i=1;i<=n;i++)\r\n  {\r\n      if(n%i==0)\r\n        sum+=i;\r\n  }\r\n  output<<sum;\r\n\r\n\r\n  \r\n  \r\n  \r\n  \r\n  \r\n  \r\noutput.close();\r\n    return 0;\r\n}\r\n', 0, 'c/c++', '2018-04-15 13:48:10', '2018-04-18 17:54:39'),
(93, 93, 60, '2018-04-15 13:48:46', 'Accepted', '#include <iostream>\r\n#include<string>\r\n#include<cmath>\r\n#include<fstream>\r\nusing namespace std;\r\n\r\nint main()\r\n{\r\n    ifstream input("Prime.in");\r\n    ofstream output("Prime.out");\r\n    string s;\r\n    input>>s;\r\n    int x=0,k=0,b=0;\r\n    for(int i=0;i<s.length();i++){\r\n        x+=int (s[i]);\r\n\r\n    }\r\nfor(int j=1;j<sqrt(x);j++){\r\n        if(x%j==0)\r\n    k++;\r\n}\r\nif(k==1){\r\n    output<<"Yes";}\r\n        else\r\n            output<<"No";\r\n\r\n\r\noutput.close();\r\n    return 0;\r\n}\r\n', 0, 'c/c++', '2018-04-15 13:48:46', '2018-04-18 17:54:47'),
(94, 84, 65, '2018-04-15 13:49:04', 'Wrong Answer', '#include<fstream>\r\n#include <iostream>\r\n#include<math.h>\r\n#include<string>\r\n#include<vector>\r\n#include<algorithm>\r\n#include<iomanip>\r\n#include<cstring>\r\n#include<string.h>\r\nusing namespace std;\r\nint main()\r\n{\r\nifstream input("Harry.in");\r\nofstream output;\r\noutput.open("Harry.out");\r\n\r\n\r\nint n,x,arr[100000],sum=0;\r\n\r\ninput>>n;\r\nfor(int i=0;i<n;i++)\r\n{\r\n\r\n	input>>arr[i];\r\n}\r\n\r\ninput>>x;\r\nsort(arr,arr+n);\r\nfor(int i=0;i<=x;i++)\r\n{\r\nsum+=arr[i+x];\r\n}\r\n\r\noutput<<sum;\r\noutput.close();\r\n\r\nreturn 0;\r\n}\r\n', 0, 'c/c++', '2018-04-15 13:49:04', '2018-04-18 17:54:53'),
(95, 102, 65, '2018-04-15 13:49:56', 'Wrong Answer', '#include <iostream>\r\n#include<fstream>\r\n#include<vector>\r\n#include<string>\r\n#include<set>\r\n#include<map>\r\n#include<algorithm>\r\n#include<cmath>\r\n#include<functional>\r\n\r\nusing namespace std;\r\n\r\ntypedef long long ll;\r\ntypedef unsigned long long ull;\r\n\r\n#define all(v) v.begin(),v.end()\r\n\r\n\r\n\r\nbool isprime(ll n)\r\n{\r\n    if(n<2)\r\n        return false;\r\n    if(n==0)return true;\r\n    if(n%2==0)\r\n        return false;\r\n    for(ll i=3;i*i<=n;i+=2)\r\n    {\r\n        if(n%2==0)\r\n            return false;\r\n    }\r\n    return true;\r\n}\r\nll gcd(ll x,ll y)\r\n{\r\n    for(ll i=min(x,y);i>=1;i--)\r\n    {\r\n        if(x%i==0&&y%i==0)\r\n            return i;\r\n    }\r\n}\r\n/*\r\nifstream in("");\r\nofstream out;\r\nout.open("");\r\n*/\r\nbool perm(vector<int> v,int n)\r\n{\r\n\r\n    for(int j=0;j<v.size()-n;j++)\r\n    {\r\n        int sum=0;\r\n        for(int i=j;i<n+j;i++)\r\n        {\r\n            sum+=v[i];\r\n            if(sum==0)\r\n                return true;\r\n        }\r\n    }\r\n\r\n    return false;\r\n}\r\n\r\nint main()\r\n{\r\n    ifstream in("Hurry.in");\r\n    ofstream out;\r\n    out.open("Hurry.out");\r\n    int n;\r\n    in>>n;\r\n    vector<int> v(n);\r\n    long long sum=0;\r\n    for(int i=0;i<n;i++)\r\n    {\r\n        in>>v[i];\r\n        sum+=v[i];\r\n    }\r\n    int m;\r\n    in>>m;\r\n    sort(all(v));\r\n    for(int i=0;i<m;i++)\r\n        sum-=v[i];\r\n    out<<sum;\r\n    out.close();\r\n}\r\n', 0, 'c/c++', '2018-04-15 13:49:56', '2018-04-18 17:55:02'),
(96, 100, 61, '2018-04-15 13:50:24', 'Accepted', '#include<iostream>\r\n#include<fstream>\r\n#include<algorithm>\r\n#include <math.h>\r\n#include<string>\r\nusing namespace std;\r\nint main()\r\n{\r\n	ifstream input ("Good.in");\r\n	ofstream output ;\r\n	output.open ("Good.out");\r\n\r\n	int n,arr[100],c=0;\r\n	input>>n;\r\n	for(int i=0;i<n;i++)\r\n	{\r\n		input>>arr[i];\r\n	}\r\n	for(int i=0;i<n;i++)\r\n	{\r\n		for(int j=i+1;j<n;j++)\r\n		{\r\n		if((arr[i]+arr[j])%4==0)\r\n		{c++;}\r\n		}\r\n	}\r\n	output<<c;\r\n	\r\n\r\n\r\n	output.close();\r\n	return 0;\r\n}\r\n', 0, 'c/c++', '2018-04-15 13:50:24', '2018-04-18 17:55:12'),
(97, 91, 63, '2018-04-15 13:51:36', '--', '#include <fstream>\r\n#include <string>\r\nint main ()\r\n{\r\nifstream input ("App.in");\r\nofstream output ;\r\noutput.open ("App.out");\r\nint n,sum=0 ;\r\ninput >>n;\r\nfor ( int i=1; i<=n; i++ )\r\n{\r\nif (n%i==0)\r\nsum+=i;\r\n}\r\noutput<<sum;\r\n\r\noutput.close();\r\nreturn 0;\r\n}  \r\n', 0, 'c/c++', '2018-04-15 13:51:36', '2018-04-15 13:51:44'),
(98, 99, 61, '2018-04-15 13:51:51', '--', '#include <iostream>\r\n#include<fstream>\r\n#include<bits/stdc++.h>\r\nusing namespace std;\r\nint main()\r\n{\r\n    ifstream input("Good.in");\r\n    ofstream output;\r\n    output.open("Good.out");\r\n\r\n\r\n  \r\n  int n ,arr[100] , c=0;\r\n   input>>n;\r\n   for(int i=0 ; i<n ; i++)\r\n    {\r\n        input>>arr[i];\r\n    }\r\n\r\n    for(int i=0 ; i<n ; i++)\r\n    {\r\n        for(int j=i+1 ; j<n ;j++)\r\n        {\r\n            if((arr[i]+arr[j])%4==0)\r\n            {\r\n                c++;\r\n            }\r\n        }\r\n    }\r\n\r\n    output<<c;\r\n\r\n\r\n\r\n  \r\n  \r\n  \r\n  \r\n  \r\n  \r\noutput.close();\r\n    return 0;\r\n}\r\n', 0, 'c/c++', '2018-04-15 13:51:51', '2018-04-15 13:52:06');
INSERT INTO `submittions` (`id`, `user_id`, `problem_id`, `time`, `response`, `solution`, `submittion_rank`, `compiler`, `created`, `modified`) VALUES
(99, 94, 66, '2018-04-15 13:51:57', '--', '#include <iostream>\r\n#include<vector>\r\n#include<algorithm>\r\n#include<fstream>\r\n#include<cmath>\r\n#include<string>\r\nusing namespace std;\r\nvoid Allah_Fowk_kyd_Elmo3tden()\r\n{\r\n    ios::sync_with_stdio(0);\r\n    cin.tie(0);\r\n    cout.tie(0);\r\n}\r\nbool isprime(int n)\r\n{\r\n    if(n==2)\r\n        return true;\r\n    if(n<2||n%2==0)\r\n        return false;\r\n    for(int i=3;i*i<=n;i+=2)\r\n    {\r\n        if(n%i==0)\r\n            return false;\r\n    }\r\n    return true;\r\n}\r\nvoid file()\r\n{\r\n    freopen("Prime.in","a",stdin);\r\n    freopen("Prime.out","b",stdout);\r\n}\r\nbool sum(vector<int> &arr,int size1)\r\n{\r\n    long long  s=0,l=0,r=0;\r\n    while(l<size1)\r\n    {\r\n        while(r<size1)\r\n        {\r\n            s+=arr[r];\r\n            if(s==0)\r\n                return true;\r\n            r++;\r\n        }\r\n        s=0;\r\n        l++;\r\n        r=l;\r\n    }\r\n    return false;\r\n}\r\nint main()\r\n{\r\n   Allah_Fowk_kyd_Elmo3tden();\r\n   //\r\n   //Android app\r\n   /*\r\n   ifstream input("App.in");\r\n   ofstream output;\r\n   output.open("App.out");\r\n   int n;input>>n;\r\n   long long sum=0;\r\n   for(int i=1;i<=n;i++)\r\n   {\r\n       if(n%i==0)\r\n            sum+=i;\r\n   }\r\n   output<<sum;\r\n   */\r\n   //string game\r\n   /*\r\n   string s;cin>>s;\r\n   string be,en;cin>>be>>en;\r\n   int mn=99999;\r\n   for(int i=0;i<s.size();i++)\r\n   {\r\n       int x=find(s.begin()+i,s.end());\r\n       int y=find(en);\r\n       int z=be.size()+en.size()+(y-(x+be.size()));\r\n       mn=min(mn,z);\r\n   }\r\n   cout<<mn;\r\n   */\r\n    //minimum in deff\r\n    ifstream input("Min.in");\r\n    ofstream output;\r\n    output.open("Min.out");\r\n    int n;input>>n;\r\n    vector<pair<int,int> >v(n);\r\n    for(int i=0;i<n;i++)\r\n    {\r\n        input>>v[i].first;\r\n        v[i].second=i+1;\r\n    }\r\n    int k;input>>k;\r\n    sort(v.begin(),v.end());\r\n    int x=v[0].first;\r\n    cout<<v[0].second;\r\n    k--;\r\n    //v.resize(unique(v.begin(),v.end())-v.begin());\r\n    for(int i=1;i<n;i++)\r\n    {\r\n        if(v[i].first==x)\r\n            continue;\r\n        else\r\n        {\r\n            k--;\r\n            if(k==-1)\r\n                break;\r\n            else\r\n            {\r\n                output<<"\\n"<<v[i].second;\r\n                x=v[i].first;\r\n            }\r\n        }\r\n    }\r\n    //Good chairty\r\n    /*\r\n    ifstream input("Good.in");\r\n    ofstream output;\r\n    output.open("Good.out");\r\n    int n;input>>n;\r\n    vector<int>v(n);\r\n    for(int i=0;i<n;i++)\r\n    {\r\n        input>>v[i];\r\n    }\r\n    int c=0;\r\n    for(int i=0;i<n;i++)\r\n    {\r\n        for(int j=i+1;j<n;j++)\r\n        {\r\n            if((v[i]+v[j])%4==0)\r\n                c++;\r\n        }\r\n    }\r\n    output<<c;\r\n    */\r\n    /*\r\n    //first 1;\r\n    ifstream input("Happy.in");\r\n    ofstream output;\r\n    output.open("Happy.out");\r\n    int n;\r\n    input>>n;\r\n    vector<int>arr(n);\r\n    for(int i=0;i<n;i++)\r\n        input>>arr[i];\r\n    bool t=sum(arr,n);\r\n    if(t==true)\r\n        output<<"Happy";\r\n    else\r\n        output<<"Depressed";\r\n        */\r\n        //prime string\r\n    /*\r\n    ifstream input("Prime.in");\r\n    ofstream output;\r\n    output.open("Prime.out");\r\n    string s;input>>s;\r\n    long long int sum=0;\r\n    for(int i=0;i<s.size();i++)\r\n        sum+=s[i];\r\n    if(isprime(sum))\r\n        output<<"Yes";\r\n    else\r\n        output<<"No";\r\n        */\r\n// hurry!\r\n/*\r\n    ifstream input("Harry.in");\r\n    ofstream output;\r\n    output.open("Harry.out");\r\n\r\n    int n;input>>n;\r\n    vector<int>v(n),v1;\r\n    for(int i=0;i<n;i++)\r\n        input>>v[i];\r\n    int k;input>>k;\r\n    sort(v.begin(),v.end());\r\n    long long int sum=0;\r\n    for(int i=k;i<n;i++)\r\n        sum+=v[i];\r\n    output<<sum;\r\n*/\r\n    return 0;\r\n}\r\n', 0, 'c/c++', '2018-04-15 13:51:57', '2018-04-15 13:52:18'),
(100, 91, 60, '2018-04-15 13:53:10', '--', '#include <fstream>\r\n#include <string>\r\nint main ()\r\n{\r\nifstream input ("Prime.in);\r\nofstream output ;\r\noutput.open ("Prime.out");\r\n\r\nstring s;\r\nint sum =0 ,x=0;\r\ninput>>s;\r\nfor( int i=2; i<s.size(); i++)\r\n{\r\nsum+= int (s[i]) ;\r\nif (sum % i==0 )\r\nx++;\r\n}\r\nif (x==1)\r\noutput<< "Yes";\r\nelse\r\noutput<< "No";\r\n\r\n\r\n\r\noutput.close();\r\nreturn 0;\r\n}  ', 0, 'c/c++', '2018-04-15 13:53:10', '2018-04-15 13:53:18'),
(101, 93, 65, '2018-04-15 13:54:55', 'Wrong Answer', '#include<iostream>\r\n#include <fstream>\r\nusing namespace std;\r\n\r\nint main()\r\n{ ifstream input ("Harry.in");\r\nofstream output;\r\noutput.open(" Harry.out");\r\n\r\n\r\nint n,w,d,sub=1;\r\ninput>>n>>w>>d;\r\nsub=(n-d)*w;\r\n\r\n\r\n\r\noutput <<sub ;\r\n\r\noutput.close();\r\nreturn 0;\r\n}\r\n ', 0, 'c/c++', '2018-04-15 13:54:55', '2018-04-18 21:40:11'),
(102, 102, 59, '2018-04-15 13:55:25', 'Accepted', '#include <iostream>\r\n#include<fstream>\r\n#include<vector>\r\n#include<string>\r\n#include<set>\r\n#include<map>\r\n#include<algorithm>\r\n#include<cmath>\r\n#include<functional>\r\n\r\nusing namespace std;\r\n\r\ntypedef long long ll;\r\ntypedef unsigned long long ull;\r\n\r\n#define all(v) v.begin(),v.end()\r\n\r\n\r\n\r\nbool isprime(ll n)\r\n{\r\n    if(n<2)\r\n        return false;\r\n    if(n==0)return true;\r\n    if(n%2==0)\r\n        return false;\r\n    for(ll i=3;i*i<=n;i+=2)\r\n    {\r\n        if(n%2==0)\r\n            return false;\r\n    }\r\n    return true;\r\n}\r\nll gcd(ll x,ll y)\r\n{\r\n    for(ll i=min(x,y);i>=1;i--)\r\n    {\r\n        if(x%i==0&&y%i==0)\r\n            return i;\r\n    }\r\n}\r\n/*\r\nifstream in("");\r\nofstream out;\r\nout.open("");\r\n*/\r\nbool perm(vector<int> v,int n)\r\n{\r\n\r\n    for(int j=0;j<v.size()-n;j++)\r\n    {\r\n        int sum=0;\r\n        for(int i=j;i<n+j;i++)\r\n        {\r\n            sum+=v[i];\r\n            if(sum==0)\r\n                return true;\r\n        }\r\n    }\r\n\r\n    return false;\r\n}\r\n\r\nint main()\r\n{\r\n    ifstream in("Happy.in");\r\n    ofstream out;\r\n    out.open("Happy.out");\r\n    int n;\r\n    in>>n;\r\n    vector<int> v(n);\r\n    bool h=false;\r\n    for(int i=0;i<n;i++)\r\n    {\r\n        in>>v[i];\r\n        if(v[i]==0)\r\n        h=true;\r\n    }\r\n    if(h)\r\n    {\r\n        out<<"Happy";\r\n        return 0;\r\n    }\r\n    for(int i=0;i<n;i++)\r\n    {\r\n        int sum=0;\r\n        for(int j=i;j<n;j++)\r\n        {\r\n            sum+=v[j];\r\n            if(sum==0)\r\n            {\r\n                out<<"Happy";\r\n                return 0;\r\n            }\r\n        }\r\n    }\r\n    out<<"Depressed";\r\n    out.close();\r\n}\r\n', 0, 'c/c++', '2018-04-15 13:55:25', '2018-04-18 19:25:25'),
(103, 92, 65, '2018-04-15 14:00:28', '--', '# include <iostream>\r\n# include <fstream>\r\nusing namespace std;\r\nint main()\r\n{\r\nifstream input(" Harry.in");\r\nofstream output;\r\noutput.open("Harry.out");\r\nint n,w,l,z,s;\r\ninput>>n>>w>>l;\r\nz=(n-l)*w;\r\noutput<<s;\r\noutput.close();\r\nreturn 0;\r\n}  ', 0, 'c/c++', '2018-04-15 14:00:28', '2018-04-15 14:01:11'),
(104, 99, 66, '2018-04-15 14:01:17', '--', '#include <iostream>\r\n#include<fstream>\r\n#include<bits/stdc++.h>\r\nusing namespace std;\r\nint main()\r\n{\r\n    ifstream input("Min.in");\r\n    ofstream output;\r\n    output.open("Min.out");\r\n\r\nint n,m,arr[1000],ar[1000],c=0;\r\ninput>>n;\r\nfor(int i=0;i<n;i++)\r\n{\r\n    input>>arr[i];\r\n    ar[i]=arr[i];\r\n}\r\nsort(ar,ar+n);\r\ninput>>m;\r\nfor(int i=0;i<n;i++)\r\n{\r\n    for(int j=0;j<m;j++)\r\n    {\r\n        if(arr[i]==ar[j])\r\n        {\r\n            output<<arr[i];\r\n            c++;\r\n\r\n            if(c<m){output<<endl;}\r\n             break;\r\n        }\r\n    }\r\n\r\n    continue;\r\n    if(c==m)\r\n    {break;}\r\n}\r\noutput.close();\r\n    return 0;\r\n}\r\n', 0, 'c/c++', '2018-04-15 14:01:17', '2018-04-15 14:02:09'),
(105, 102, 65, '2018-04-15 14:01:55', '--', '#include <iostream>\r\n#include<fstream>\r\n#include<vector>\r\n#include<string>\r\n#include<set>\r\n#include<map>\r\n#include<algorithm>\r\n#include<cmath>\r\n#include<functional>\r\n\r\nusing namespace std;\r\n\r\ntypedef long long ll;\r\ntypedef unsigned long long ull;\r\n\r\n#define all(v) v.begin(),v.end()\r\n\r\n\r\n\r\nbool isprime(ll n)\r\n{\r\n    if(n<2)\r\n        return false;\r\n    if(n==0)return true;\r\n    if(n%2==0)\r\n        return false;\r\n    for(ll i=3;i*i<=n;i+=2)\r\n    {\r\n        if(n%2==0)\r\n            return false;\r\n    }\r\n    return true;\r\n}\r\nll gcd(ll x,ll y)\r\n{\r\n    for(ll i=min(x,y);i>=1;i--)\r\n    {\r\n        if(x%i==0&&y%i==0)\r\n            return i;\r\n    }\r\n}\r\n/*\r\nifstream in("");\r\nofstream out;\r\nout.open("");\r\n*/\r\nbool perm(vector<int> v,int n)\r\n{\r\n\r\n    for(int j=0;j<v.size()-n;j++)\r\n    {\r\n        int sum=0;\r\n        for(int i=j;i<n+j;i++)\r\n        {\r\n            sum+=v[i];\r\n            if(sum==0)\r\n                return true;\r\n        }\r\n    }\r\n\r\n    return false;\r\n}\r\n\r\nint main()\r\n{\r\n    ifstream in("Hurry.in");\r\n    ofstream out;\r\n    out.open("Hurry.out");\r\n    int n;\r\n    in>>n;\r\n    vector<int> v(n);\r\n    int sum=0;\r\n    for(int i=0;i<n;i++)\r\n    {\r\n        in>>v[i];\r\n        sum+=v[i];\r\n    }\r\n    int m;\r\n    in>>m;\r\n    sort(all(v));\r\n    for(int i=0;i<m;i++)\r\n        sum-=v[i];\r\n    out<<sum;\r\n    out.close();\r\n}\r\n', 0, 'c/c++', '2018-04-15 14:01:55', '2018-04-15 14:02:22'),
(106, 100, 66, '2018-04-15 14:04:28', '--', '#include<iostream>\r\n#include<fstream>\r\n#include<algorithm>\r\n#include <math.h>\r\n#include<string>\r\nusing namespace std;\r\nint main()\r\n{\r\n	ifstream input ("Min.in");\r\n	ofstream output ;\r\n	output.open ("Min.out");\r\n	int arr[1000],mer[1000],n,m;\r\n	input>>n;\r\n	for(int i=0;i<n;i++)\r\n	{\r\n		input>>arr[i];\r\n		mer[i]=arr[i];\r\n	}\r\n	sort(mer,mer+n);\r\n	input>>m;\r\n	for(int i=0;i<m;i++)\r\n	{\r\n		for(int j=0;j<n;j++)\r\n		{\r\n			if(mer[i]==arr[j])\r\n			{\r\n				output<<j+1;\r\n				if(i!=m-1)\r\n				{\r\n					output<<endl;\r\n				}\r\n			}\r\n		}\r\n	}\r\n\r\n\r\n\r\n	output.close();\r\n	return 0;\r\n}', 0, 'c/c++', '2018-04-15 14:04:28', '2018-04-15 14:04:58'),
(107, 101, 66, '2018-04-15 14:04:54', '--', '#include<stdio.h>\r\n#include<string.h>\r\nint main()\r\n{\r\n    int n;\r\n    scanf("%d",&n);\r\n      if(n>1000||n<1){\r\nreturn 0;\r\n    }\r\n\r\n\r\nint x[n],order[n];\r\n for(int i=0;i<n;i++){\r\n        scanf("%d",&x[i]);\r\n        if(x[i]<0){\r\n            return 0;\r\n        }\r\n        order[i]=x[i];\r\n    }\r\n\r\nint m;\r\n  scanf("%d",&m);\r\n      if(m>n||m<1){\r\nreturn 0;\r\n    }\r\n\r\n    int min=0;\r\nfor(int i=0;i<(n-1);i++){\r\n    for(int j=i+1;j<n;j++){\r\n        if (order[i]>order[j]){\r\n            min=order[j];\r\n            order[j]=order[i];\r\n            order[i]=min;\r\n        }\r\n    }\r\n}\r\n\r\n /*for(int i=0;i<n;i++){\r\n\r\n        printf("%d",x[i]);\r\n\r\n }*/\r\n\r\n\r\n\r\n for(int i=0;i<n;i++){\r\n        if(x[i]<=order[m-1]){\r\n        printf("\\n%d",x[i]);\r\n        }\r\n }\r\n\r\n\r\n}\r\n', 0, 'c/c++', '2018-04-15 14:04:54', '2018-04-15 14:07:37'),
(108, 99, 65, '2018-04-15 14:06:12', '--', '#include <iostream>\r\n#include<fstream>\r\n#include<bits/stdc++.h>\r\nusing namespace std;\r\nint main()\r\n{\r\n    ifstream input("Harry.in");\r\n    ofstream output;\r\n    output.open("Harry.out");\r\n\r\n\r\n  int n,a[100],sum=0;\r\n  input>>n;\r\n  for(int i=0;i<n;i++)\r\n  {\r\n      input>>a[i];\r\n  }\r\n  sort(a,a+n);\r\n  int t;\r\n  input>>t;\r\n  for(int i=t;i<n;i++)\r\n  {\r\n      sum+=a[i];\r\n  }\r\n  output<<sum;\r\n\r\n\r\n\r\n\r\n\r\n\r\n\r\noutput.close();\r\n    return 0;\r\n}\r\n', 0, 'c/c++', '2018-04-15 14:06:12', '2018-04-15 14:07:49'),
(109, 101, 59, '2018-04-15 14:08:03', '--', '#include<stdio.h>\r\n#include<string.h>\r\nint main()\r\n{\r\n    int n;\r\n    scanf("%d",&n);\r\n    if(n>1000||n<1){\r\nreturn 0;\r\n    }\r\n    int x[n];\r\n\r\n    for(int i=0;i<n;i++){\r\n        scanf("%d",&x[i]);\r\n        if(x[i]>1000||x[i]<-1000){\r\nreturn 0;\r\n    }\r\n    }\r\n\r\n\r\n    for (int i=0;i<n;i++){\r\n        int k=0;\r\n        for(int j=i;j<n;j++){\r\n            k=k+x[j];\r\n            if(k==0){\r\n                printf("Happy");\r\n                return 0;\r\n            }\r\n\r\n\r\n\r\n        }\r\n    }\r\n\r\n    printf("Depressed");\r\n    return 0;\r\n}\r\n', 0, 'c/c++', '2018-04-15 14:08:03', '2018-04-15 14:14:06'),
(110, 102, 65, '2018-04-15 14:12:30', '--', '#include <iostream>\r\n#include<fstream>\r\n#include<vector>\r\n#include<string>\r\n#include<set>\r\n#include<map>\r\n#include<algorithm>\r\n#include<cmath>\r\n#include<functional>\r\n\r\nusing namespace std;\r\n\r\ntypedef long long ll;\r\ntypedef unsigned long long ull;\r\n\r\n#define all(v) v.begin(),v.end()\r\n\r\n\r\n\r\nbool isprime(ll n)\r\n{\r\n    if(n<2)\r\n        return false;\r\n    if(n==0)return true;\r\n    if(n%2==0)\r\n        return false;\r\n    for(ll i=3;i*i<=n;i+=2)\r\n    {\r\n        if(n%2==0)\r\n            return false;\r\n    }\r\n    return true;\r\n}\r\nll gcd(ll x,ll y)\r\n{\r\n    for(ll i=min(x,y);i>=1;i--)\r\n    {\r\n        if(x%i==0&&y%i==0)\r\n            return i;\r\n    }\r\n}\r\n/*\r\nifstream in("");\r\nofstream out;\r\nout.open("");\r\n*/\r\nbool perm(vector<int> v,int n)\r\n{\r\n\r\n    for(int j=0;j<v.size()-n;j++)\r\n    {\r\n        int sum=0;\r\n        for(int i=j;i<n+j;i++)\r\n        {\r\n            sum+=v[i];\r\n            if(sum==0)\r\n                return true;\r\n        }\r\n    }\r\n\r\n    return false;\r\n}\r\n\r\nint main()\r\n{\r\n    ifstream in("Hurry.in");\r\n    ofstream out;\r\n    out.open("Hurry.out");\r\n    int n;\r\n    in>>n;\r\n    vector<int> v(n);\r\n    int sum=0;\r\n    for(int i=0;i<n;i++)\r\n    {\r\n        in>>v[i];\r\n    }\r\n    int m;\r\n    in>>m;\r\n    sort(all(v));\r\n    for(int i=m;i<n;i++)\r\n        sum+=v[i];\r\n    out<<sum;\r\n    out.close();\r\n}\r\n', 0, 'c/c++', '2018-04-15 14:12:30', '2018-04-15 14:14:26'),
(111, 84, 65, '2018-04-15 14:12:44', '--', '#include<fstream>\r\n#include <iostream>\r\n#include<math.h>\r\n#include<string>\r\n#include<vector>\r\n#include<algorithm>\r\n#include<iomanip>\r\n#include<cstring>\r\n#include<string.h>\r\nusing namespace std;\r\nint main()\r\n{\r\nifstream input("Harry.in");\r\nofstream output;\r\noutput.open("Harry.out");\r\n\r\n\r\nint n,x,arr[100000],sum=0;\r\n\r\ninput>>n;\r\nfor(int i=0;i<n;i++)\r\n{\r\n\r\n	input>>arr[i];\r\n}\r\n\r\ninput>>x;\r\nsort(arr,arr+n);\r\nfor(int i=0;i<=x;i++)\r\n{\r\nsum+=arr[i+x];\r\n}\r\n\r\noutput<<sum;\r\noutput.close();\r\n\r\nreturn 0;\r\n}\r\n', 0, 'c/c++', '2018-04-15 14:12:44', '2018-04-15 14:14:41'),
(112, 101, 61, '2018-04-15 14:14:57', '--', '#include<stdio.h>\r\n#include<string.h>\r\nint main()\r\n{\r\n    int n;\r\n\r\n\r\n    int l=0,k=0;\r\n    scanf("%d",&n);\r\n      if(n>100||n<1){\r\nreturn 0;\r\n    }\r\n    int x[n];\r\n\r\n    for(int i=0;i<n;i++){\r\n        scanf("%d",&x[i]);\r\n    }\r\n\r\n\r\n    for (int i=0;i<n;i++){\r\n            for(int j=0;j<n;j++){\r\n                if(j!=i){\r\n                    k=x[i]+x[j];\r\n                    if((k%4)==0){\r\n                        l++;\r\n                    }\r\n                }\r\n            }\r\n    }\r\nprintf("%d",l/2);\r\n\r\n}\r\n', 0, 'c/c++', '2018-04-15 14:14:57', '2018-04-15 14:16:27'),
(113, 101, 66, '2018-04-15 14:17:38', '--', '#include<stdio.h>\r\n#include<string.h>\r\nint main()\r\n{\r\n    int n;\r\n    scanf("%d",&n);\r\n      if(n>1000||n<1){\r\nreturn 0;\r\n    }\r\n\r\n\r\nint x[n],order[n];\r\n for(int i=0;i<n;i++){\r\n        scanf("%d",&x[i]);\r\n        if(x[i]<0){\r\n            return 0;\r\n        }\r\n        order[i]=x[i];\r\n    }\r\n\r\nint m;\r\n  scanf("%d",&m);\r\n      if(m>n||m<1){\r\nreturn 0;\r\n    }\r\n\r\n    int min=0;\r\nfor(int i=0;i<(n-1);i++){\r\n    for(int j=i+1;j<n;j++){\r\n        if (order[i]>order[j]){\r\n            min=order[j];\r\n            order[j]=order[i];\r\n            order[i]=min;\r\n        }\r\n    }\r\n}\r\n\r\n /*for(int i=0;i<n;i++){\r\n\r\n        printf("%d",x[i]);\r\n\r\n }*/\r\n\r\n\r\n\r\n for(int i=0;i<n;i++){\r\n        if(x[i]<=order[m-1]){\r\n        printf("\\n%d",x[i]);\r\n        }\r\n }\r\n\r\n\r\n}\r\n', 0, 'c/c++', '2018-04-15 14:17:38', '2018-04-15 14:19:18'),
(114, 102, 66, '2018-04-15 14:19:59', '--', '#include <iostream>\r\n#include<fstream>\r\n#include<vector>\r\n#include<string>\r\n#include<set>\r\n#include<map>\r\n#include<algorithm>\r\n#include<cmath>\r\n#include<functional>\r\n\r\nusing namespace std;\r\n\r\ntypedef long long ll;\r\ntypedef unsigned long long ull;\r\n\r\n#define all(v) v.begin(),v.end()\r\n\r\n\r\n\r\nbool isprime(ll n)\r\n{\r\n    if(n<2)\r\n        return false;\r\n    if(n==0)return true;\r\n    if(n%2==0)\r\n        return false;\r\n    for(ll i=3;i*i<=n;i+=2)\r\n    {\r\n        if(n%2==0)\r\n            return false;\r\n    }\r\n    return true;\r\n}\r\nll gcd(ll x,ll y)\r\n{\r\n    for(ll i=min(x,y);i>=1;i--)\r\n    {\r\n        if(x%i==0&&y%i==0)\r\n            return i;\r\n    }\r\n}\r\n/*\r\nifstream in("");\r\nofstream out;\r\nout.open("");\r\n*/\r\nbool perm(vector<int> v,int n)\r\n{\r\n\r\n    for(int j=0;j<v.size()-n;j++)\r\n    {\r\n        int sum=0;\r\n        for(int i=j;i<n+j;i++)\r\n        {\r\n            sum+=v[i];\r\n            if(sum==0)\r\n                return true;\r\n        }\r\n    }\r\n\r\n    return false;\r\n}\r\n\r\nint main()\r\n{\r\n    ifstream in("Min.in");\r\n    ofstream out;\r\n    out.open("Min.out");\r\n    int n;\r\n    in>>n;\r\n    vector<pair<int,int> > v;\r\n    for(int i=0;i<n;i++)\r\n    {\r\n        int a;\r\n        in>>a;\r\n        v.push_back(make_pair(a,i+1));\r\n    }\r\n    sort(all(v));\r\n    int m;\r\n    in>>m;\r\n    for(int i=0;i<m;i++)\r\n        {\r\n            out<<v[i].second;\r\n            if(i!=m-1)\r\n                out<<endl;\r\n        }\r\n    out.close();\r\n    \r\n}\r\n', 0, 'c/c++', '2018-04-15 14:19:59', '2018-04-15 14:21:58'),
(115, 101, 63, '2018-04-15 14:20:03', '--', '#include<stdio.h>\r\n#include<string.h>\r\nint main()\r\n{\r\n    int n,sum=0;\r\n        scanf("%d",&n);\r\n         if(n>10000||n<2){\r\nreturn 0;\r\n    }\r\n        for(int i=1;i<=n;i++){\r\n            if ((n%i)==0){\r\n                sum=sum+i;\r\n            }\r\n        }\r\n        printf("%d",sum);\r\n}\r\n', 0, 'c/c++', '2018-04-15 14:20:03', '2018-04-15 14:22:07'),
(116, 92, 66, '2018-04-15 14:21:02', '--', '# include<iostream>\r\n# include<fstream>\r\nusing namespace std;\r\nint main()\r\n{\r\n  ifstream input("Min.in");\r\n  ofstream output;\r\n  output.open("Min.out");\r\n   int n,m,mn,me,mx;\r\n   arr[1000];\r\n   input>>n;\r\nfor(int i=0;i<n;i++)\r\n{\r\n   input>>arr[i];\r\n}\r\ninput>>m;\r\n\r\n\r\n  for(int y=0;y<n;y++)\r\n   {\r\n     mn=arr[y];\r\n     if(arr[y]<mn)\r\n      mn=arr[y];\r\n   }\r\n  \r\nfor(int x=0;x<=n;x++)\r\n   {  me=arr[1];\r\n      if(arr[x]>mn && arr[x]<me )\r\n      me=arr[x];    \r\n\r\n   } \r\n       \r\n   for(int r=0;r]n;r++)\r\n     {\r\n        mx=arr[2];\r\n        if(arr[r]>me && <arr[r]<mx )\r\n         mx=arr[r];\r\n     }\r\n   output<<mx <<endl<<me<<endl<<mn;\r\n output.close();\r\n return 0\r\n}', 0, 'c/c++', '2018-04-15 14:21:02', '2018-04-15 14:22:16'),
(117, 94, 66, '2018-04-15 14:22:35', '--', '#include <iostream>\r\n#include<vector>\r\n#include<algorithm>\r\n#include<fstream>\r\n#include<cmath>\r\n#include<string>\r\nusing namespace std;\r\nvoid Allah_Fowk_kyd_Elmo3tden()\r\n{\r\n    ios::sync_with_stdio(0);\r\n    cin.tie(0);\r\n    cout.tie(0);\r\n}\r\nbool isprime(int n)\r\n{\r\n    if(n==2)\r\n        return true;\r\n    if(n<2||n%2==0)\r\n        return false;\r\n    for(int i=3;i*i<=n;i+=2)\r\n    {\r\n        if(n%i==0)\r\n            return false;\r\n    }\r\n    return true;\r\n}\r\nvoid file()\r\n{\r\n    freopen("Prime.in","a",stdin);\r\n    freopen("Prime.out","b",stdout);\r\n}\r\nbool sum(vector<int> &arr,int size1)\r\n{\r\n    long long  s=0,l=0,r=0;\r\n    while(l<size1)\r\n    {\r\n        while(r<size1)\r\n        {\r\n            s+=arr[r];\r\n            if(s==0)\r\n                return true;\r\n            r++;\r\n        }\r\n        s=0;\r\n        l++;\r\n        r=l;\r\n    }\r\n    return false;\r\n}\r\nint main()\r\n{\r\n   Allah_Fowk_kyd_Elmo3tden();\r\n   ifstream input("Min.in");\r\n   ofstream output;\r\n   output.open("Min.out");\r\n   int n;input>>n;\r\n   vector<int >v(n),v1;\r\n   for(int i=0;i<n;i++)\r\n   {\r\n       input>>v[i];\r\n   }\r\n   v1=v;\r\n   sort(v1.begin(),v1.end());\r\n   int k;input>>k;\r\n   for(int i=0;i<k;i++)\r\n   {\r\n       int x=find(v.begin(),v.end(),v1[i])-v.begin();\r\n       if(i!=k-1)\r\n        output<<++x<<endl;\r\n       else\r\n        output<<++x;\r\n   }\r\n    return 0;\r\n}\r\n', 0, 'c/c++', '2018-04-15 14:22:35', '2018-04-15 14:24:27'),
(118, 102, 66, '2018-04-15 14:26:52', '--', '#include <iostream>\r\n#include<fstream>\r\n#include<vector>\r\n#include<string>\r\n#include<set>\r\n#include<map>\r\n#include<algorithm>\r\n#include<cmath>\r\n#include<functional>\r\n\r\nusing namespace std;\r\n\r\ntypedef long long ll;\r\ntypedef unsigned long long ull;\r\n\r\n#define all(v) v.begin(),v.end()\r\n\r\n\r\n\r\nbool isprime(ll n)\r\n{\r\n    if(n<2)\r\n        return false;\r\n    if(n==0)return true;\r\n    if(n%2==0)\r\n        return false;\r\n    for(ll i=3;i*i<=n;i+=2)\r\n    {\r\n        if(n%2==0)\r\n            return false;\r\n    }\r\n    return true;\r\n}\r\nll gcd(ll x,ll y)\r\n{\r\n    for(ll i=min(x,y);i>=1;i--)\r\n    {\r\n        if(x%i==0&&y%i==0)\r\n            return i;\r\n    }\r\n}\r\n/*\r\nifstream in("");\r\nofstream out;\r\nout.open("");\r\n*/\r\nbool perm(vector<int> v,int n)\r\n{\r\n\r\n    for(int j=0;j<v.size()-n;j++)\r\n    {\r\n        int sum=0;\r\n        for(int i=j;i<n+j;i++)\r\n        {\r\n            sum+=v[i];\r\n            if(sum==0)\r\n                return true;\r\n        }\r\n    }\r\n\r\n    return false;\r\n}\r\n\r\nint main()\r\n{\r\n    ifstream in("Min.in");\r\n    ofstream out;\r\n    out.open("Min.out");\r\n    int n;\r\n    in>>n;\r\n    vector<pair<int,int> > v;\r\n    for(int i=0;i<n;i++)\r\n    {\r\n        int a;\r\n        in>>a;\r\n        v.push_back(make_pair(a,i+1));\r\n    }\r\n    sort(v.begin(),v.end());\r\n    int m;\r\n    in>>m;\r\n    for(int i=0;i<m;i++)\r\n        {\r\n            out<<v[i].second;\r\n            if(i!=m-1)\r\n                out<<endl;\r\n        }\r\n    out.close();\r\n\r\n}\r\n', 0, 'c/c++', '2018-04-15 14:26:52', '2018-04-15 14:27:32'),
(119, 102, 65, '2018-04-15 14:28:18', '--', '#include <iostream>\r\n#include<fstream>\r\n#include<vector>\r\n#include<string>\r\n#include<set>\r\n#include<map>\r\n#include<algorithm>\r\n#include<cmath>\r\n#include<functional>\r\n\r\nusing namespace std;\r\n\r\ntypedef long long ll;\r\ntypedef unsigned long long ull;\r\n\r\n#define all(v) v.begin(),v.end()\r\n\r\n\r\n\r\nbool isprime(ll n)\r\n{\r\nif(n<2)\r\nreturn false;\r\nif(n==0)return true;\r\nif(n%2==0)\r\nreturn false;\r\nfor(ll i=3;i*i<=n;i+=2)\r\n{\r\nif(n%2==0)\r\nreturn false;\r\n}\r\nreturn true;\r\n}\r\nll gcd(ll x,ll y)\r\n{\r\nfor(ll i=min(x,y);i>=1;i--)\r\n{\r\nif(x%i==0&&y%i==0)\r\nreturn i;\r\n}\r\n}\r\n/*\r\nifstream in("");\r\nofstream out;\r\nout.open("");\r\n*/\r\nbool perm(vector<int> v,int n)\r\n{\r\n\r\nfor(int j=0;j<v.size()-n;j++)\r\n{\r\nint sum=0;\r\nfor(int i=j;i<n+j;i++)\r\n{\r\nsum+=v[i];\r\nif(sum==0)\r\nreturn true;\r\n}\r\n}\r\n\r\nreturn false;\r\n}\r\n\r\nint main()\r\n{\r\nifstream in("Hurry.in");\r\nofstream out;\r\nout.open("Hurry.out");\r\nint n;\r\nin>>n;\r\nvector<int> v(n);\r\nint sum=0;\r\nfor(int i=0;i<n;i++)\r\n{\r\nin>>v[i];\r\n}\r\nint m;\r\nin>>m;\r\nsort(v.begin(),v.end());\r\nfor(int i=m;i<n;i++)\r\nsum+=v[i];\r\nout<<sum;\r\nout.close();\r\n}', 0, 'c/c++', '2018-04-15 14:28:18', '2018-04-15 14:28:37'),
(120, 101, 63, '2018-04-15 14:29:08', '--', '#include<stdio.h>\r\n#include<string.h>\r\nint main()\r\n{\r\n    int n,sum=0;\r\n        scanf("%d",&n);\r\n         if(n>10000||n<2){\r\nreturn 0;\r\n    }\r\n        for(int i=1;i<=n;i++){\r\n            if ((n%i)==0){\r\n                sum=sum+i;\r\n            }\r\n        }\r\n        printf("%d",sum);\r\n}\r\n', 0, 'c/c++', '2018-04-15 14:29:08', '2018-04-15 14:30:19'),
(121, 100, 66, '2018-04-15 14:29:10', '--', '#include<iostream>\r\n#include<fstream>\r\n#include<algorithm>\r\n#include <math.h>\r\n#include<string>\r\nusing namespace std;\r\nint main()\r\n{\r\n	ifstream input ("Min.in");\r\n	ofstream output ;\r\n	output.open ("Min.out");\r\n	int arr[1000],mer[1000],n,m,s=0;\r\n	input>>n;\r\n	for(int i=0;i<n;i++)\r\n	{\r\n		input>>arr[i];\r\n		mer[i]=arr[i];\r\n	}\r\n	sort(mer,mer+n);\r\n	input>>m;\r\n	for(int i=0;i<m;)\r\n	{   s=count(mer,mer+m,mer[i]);\r\n		for(int j=0;j<n;j++)\r\n		{ \r\n			if(mer[i]==arr[j])\r\n			{\r\n				output<<j+1;\r\n				\r\n				if(i!=m-1)\r\n				{\r\n					output<<endl;\r\n				}\r\n			}\r\n		\r\n		}\r\n		i=i+s;\r\n		\r\n	}\r\n\r\n\r\n\r\n	output.close();\r\n	return 0;\r\n}', 0, 'c/c++', '2018-04-15 14:29:10', '2018-04-15 14:29:56'),
(122, 93, 65, '2018-04-15 14:30:38', '--', '#include<iostream>\r\n#include<string>\r\n#include<algorithm>\r\n#include <fstream>\r\nusing namespace std;\r\n\r\nint main()\r\n{ ifstream input ("Harry.in");\r\nofstream output;\r\noutput.open(" Harry.out");\r\n\r\n\r\nint n,w[100],d,sum=0;\r\ninput>>n>>d;\r\nfor(int i=0;i<n;i++){\r\n    input>>w[i];\r\n    sort(w,w+n);\r\n}\r\n    for(int o=d;o<n;o++)\r\n    {\r\n        sum+=w[o];\r\n\r\n    }\r\n\r\noutput<<sum;\r\noutput.close();\r\nreturn 0;\r\n}\r\n', 0, 'c/c++', '2018-04-15 14:30:38', '2018-04-15 14:30:56'),
(123, 95, 65, '2018-04-15 14:30:48', '--', '#include<iostream>\r\n#include<algorithm>\r\n#include<fstream>\r\nusing namespace std;\r\nint main()\r\n{\r\n    ifstream input("Harry.in");\r\n\r\n    ofstream output;\r\n    output.open("Harry.out");\r\n    int n , arr[100], m, sum =0,mm=0,c=0,tsum=0;\r\n    input>>n;\r\n    for (int i=0;i<n ;i++)\r\n    {\r\n        input>>arr[i];\r\n\r\n    }\r\n    input>>m;\r\n    sort(arr,arr+n);\r\n\r\n   // mm=*min_element(arr,arr+n);\r\n\r\n    for(int i=0;i<m;i++)\r\n    {\r\n\r\n        mm+=arr[i];\r\n\r\n     }\r\n\r\n    \r\n     for(int i=0;i<n;i++)\r\n\r\n     {\r\n\r\n      sum+=arr[i];\r\n\r\n\r\n     }\r\ntsum+=sum-mm;\r\noutput<<tsum;\r\n output.close();\r\n    return 0;\r\n}', 0, 'c/c++', '2018-04-15 14:30:48', '2018-04-15 14:32:04'),
(124, 101, 65, '2018-04-15 14:31:02', '--', '#include<stdio.h>\r\n#include<string.h>\r\nint main()\r\n{\r\n    int n;\r\n    scanf("%d",&n);\r\n      if(n>100||n<1){\r\nreturn 0;\r\n    }\r\n\r\n\r\nint x[n];\r\n for(int i=0;i<n;i++){\r\n        scanf("%d",&x[i]);\r\n        if(x[i]<0){\r\n            return 0;\r\n        }\r\n\r\n    }\r\n\r\nint m;\r\n    scanf("%d",&m);\r\n      if(m>n||m<0){\r\nreturn 0;\r\n    }\r\n\r\n\r\n\r\n   int min=0;\r\nfor(int i=0;i<(n-1);i++){\r\n    for(int j=i+1;j<n;j++){\r\n        if (x[i]>x[j]){\r\n            min=x[j];\r\n            x[j]=x[i];\r\n            x[i]=min;\r\n        }\r\n    }\r\n}\r\n\r\nint sum=0;\r\nfor(int i=m;i<n;i++){\r\n    sum=sum+x[i];\r\n}\r\n\r\nprintf("%d",sum);\r\n}\r\n', 0, 'c/c++', '2018-04-15 14:31:02', '2018-04-15 14:32:28'),
(125, 101, 60, '2018-04-15 14:31:47', '--', '#include<stdio.h>\r\n#include<string.h>\r\nint main()\r\n{\r\n\r\n    char s[1000];\r\n    int sum=0;\r\n     scanf("%s",&s);\r\n    int l=strlen(s);\r\n\r\n    for(int i=0;i<l;i++){\r\n        sum=sum+s[i];\r\n    }\r\n\r\n     for(int i=2;i<sum;i++){\r\n            if(sum%i==0){\r\n                printf("No");\r\n                return 0;\r\n            }\r\n            }\r\n            printf("Yes");\r\n            return 0;\r\n\r\n\r\n}\r\n', 0, 'c/c++', '2018-04-15 14:31:47', '2018-04-15 14:32:36'),
(126, 84, 65, '2018-04-15 14:31:52', '--', '#include<fstream>\r\n#include <iostream>\r\n#include<math.h>\r\n#include<string>\r\n#include<vector>\r\n#include<algorithm>\r\n#include<iomanip>\r\n#include<cstring>\r\n#include<string.h>\r\nusing namespace std;\r\nint main()\r\n{\r\nifstream input("Harry.in");\r\nofstream output;\r\noutput.open("Harry.out");\r\n\r\n\r\nint n,x,sum=0;\r\n\r\ninput>>n;\r\nint *arr=new int[n];\r\nfor(int i=0;i<n;i++)\r\n{\r\n\r\ninput>>arr[i];\r\n}\r\n\r\ninput>>x;\r\nsort(arr,arr+n);\r\nfor(int i=0;i<=x;i++)\r\n{\r\nsum+=arr[i+x];\r\n}\r\n\r\noutput<<sum;\r\noutput.close();\r\n\r\nreturn 0;\r\n}\r\n', 0, 'c/c++', '2018-04-15 14:31:52', '2018-04-15 14:32:54'),
(127, 92, 66, '2018-04-15 14:32:18', '--', '# include<iostream>\r\n# include<fstream>\r\nusing namespace std;\r\nint main()\r\n{\r\nifstream input("Min.in");\r\nofstream output;\r\noutput.open("Min.out");\r\nint n,m,mn,me,mx;\r\narr[1000];\r\narr23[1000];\r\ninput>>n;\r\nfor(int i=0;i<n;i++)\r\n{\r\ninput>>arr[i];\r\n}\r\ninput>>m;\r\n\r\n\r\nfor(int y=0;y<n;y++)\r\n{\r\nmn=arr[y];\r\nif(arr[y]<mn)\r\nmn=arr[y];\r\n}\r\n\r\nfor(int x=0;x<=n;x++)\r\n{ me=arr[1];\r\nif(arr[x]> mn && arr[x]<me )\r\nme=arr[x]; \r\n\r\n} \r\n\r\nfor(int r=0;r]n;r++)\r\n{\r\nmx=arr[2];\r\nif(arr[r]>me && <arr[r]<mx )\r\nmx=arr[r];\r\n}\r\n arr23[0]=mx;\r\n arr23[1]=me;\r\n arr23[2]=mn;\r\nfor(int v=0;v<3;v++)\r\n {\r\n     output<< arr23 [v]<<endl;\r\n }\r\noutput.close();\r\nreturn 0\r\n}  ', 0, 'c/c++', '2018-04-15 14:32:18', '2018-04-16 18:16:41');

-- --------------------------------------------------------

--
-- Table structure for table `testcases`
--

CREATE TABLE IF NOT EXISTS `testcases` (
  `id` int(11) NOT NULL AUTO_INCREMENT,
  `problem_id` int(11) NOT NULL,
  `input_text` text NOT NULL,
  `output_text` text NOT NULL,
  PRIMARY KEY (`id`)
) ENGINE=InnoDB  DEFAULT CHARSET=latin1 AUTO_INCREMENT=95 ;

--
-- Dumping data for table `testcases`
--

INSERT INTO `testcases` (`id`, `problem_id`, `input_text`, `output_text`) VALUES
(48, 61, '5\r\n2 2 1 7 5', '3'),
(49, 61, '6\r\n2 3 1 9 1 9', '4'),
(50, 61, '10\r\n9 8 7 5 4 1 2 3 10 44', '10'),
(54, 63, '30', '72'),
(55, 63, '50', '93'),
(56, 63, '2', '3'),
(57, 63, '10000', '24211'),
(58, 63, '27', '40'),
(59, 64, 'codecppforfood\r\nc\r\nd', '3'),
(60, 64, 'hqghumeaylnlfdx\r\ng\r\ny', '1'),
(61, 64, 'cvscxggbwkfnqduxw\r\nc\r\nx', '4'),
(62, 64, 'cqpevikeffmznimkkasvwsre\r\nf\r\nk', '4'),
(63, 65, '5\r\n10 15 20 40 5\r\n2', '75'),
(64, 65, '10\r\n90 10 15 20 28 36 21 25 11 1\r\n3', '235'),
(65, 65, '4\r\n5 1 2 3\r\n3', '5'),
(66, 66, '5\r\n4 2 6 1 5\r\n3', '4\r\n2\r\n1'),
(67, 66, '6\r\n6 3 2 8 4 1\r\n2', '2\r\n1'),
(92, 60, 'KegeRma', 'No'),
(93, 60, 'ahmed khaled', 'ahmed khaled');

-- --------------------------------------------------------

--
-- Table structure for table `users`
--

CREATE TABLE IF NOT EXISTS `users` (
  `id` int(11) NOT NULL AUTO_INCREMENT,
  `username` varchar(255) NOT NULL,
  `password` varchar(255) NOT NULL,
  `role` int(11) NOT NULL COMMENT '0->user 1 ->admin',
  `rank` int(11) NOT NULL,
  PRIMARY KEY (`id`)
) ENGINE=InnoDB  DEFAULT CHARSET=latin1 AUTO_INCREMENT=104 ;

--
-- Dumping data for table `users`
--

INSERT INTO `users` (`id`, `username`, `password`, `role`, `rank`) VALUES
(53, 'hazem', '7ca8b5831105db429b8c3e0be5883d686b610e39', 1, 0),
(82, 'mostafakhaled', 'b914428ee3131013159bdc9200082fa6ebbde94c', 1, 0),
(84, 'Coders', '1dde1e717765842edd09614d4cb5a8cf1a435e66', 0, 867),
(85, 'HelloWorld', '625de281e368414615ca7ff1affaea1559467b84', 0, 0),
(86, 'Fighters', 'fab929c0cefa9005d023d6e0be57e308adf7f5fb', 0, 427),
(87, 'Semicolon', '59ffed2583212cc11ab8443aad48acf5d0fecf47', 0, 0),
(88, 'NowayErrors', 'e0017b6274a6ff778e0bb2c8dacd00152c7111bc', 0, 515),
(89, 'Strongers', 'fead3528110b8a13af9060363b7dcd4fbdd41f1b', 0, 0),
(90, 'MoSalah', '5c8bf7ebf43d266f15cc86698aea9ca155b34e83', 0, 0),
(91, 'PepsiDiet', '3c60f0f353d86d6dcc4adbd28f78a56c89e4f838', 0, 0),
(92, 'Desiny', 'ede09c55d998d29a748f14701a863a38f8b5fada', 0, 0),
(93, 'HakonaMatata', '3666999c7afa2e63678da0005f51fbee5c59c3e4', 0, 356),
(94, 'Nemo', '1741850073fda51da86fc13096f9f0b12d971b70', 0, 2454),
(95, 'FirstSubmit', '36fdcfe837e4a9fd96c104bd2c771d6fd5f62348', 0, 0),
(96, 'Absolutely_Accepted', '416d02168427a64908201382b6a65b78e23fa4dd', 0, 559),
(97, 'Errors', 'e44ba51e592e053a99be4b2a3cdb4e3f1fcd9133', 0, 0),
(98, 'TestCases', '1cd59119a26cc42f47e04880b1193e7721d30fbd', 0, 0),
(99, 'Compiler', 'd345fd0eac3f7e4324505916a4a71a79df805ce9', 0, 847),
(100, 'Hell', '28057ecbbe302fc1d8e985ef92ee28dbbc7dba61', 0, 2378),
(101, 'Earth', '8f8e38942b5ccc672bbd1c9e84253175b8a7f9fd', 0, 0),
(102, 'Hope', '1f765335de30d20dbc4528dcc9fc3dfb097b99bb', 0, 1841),
(103, 'ahmed', 'd3a89dd521aea9dbd8f9d8a08e7394d6f0a9f71d', 0, 0);

/*!40101 SET CHARACTER_SET_CLIENT=@OLD_CHARACTER_SET_CLIENT */;
/*!40101 SET CHARACTER_SET_RESULTS=@OLD_CHARACTER_SET_RESULTS */;
/*!40101 SET COLLATION_CONNECTION=@OLD_COLLATION_CONNECTION */;
